-- phpMyAdmin SQL Dump
-- version 5.2.0
-- https://www.phpmyadmin.net/
--
-- Host: 127.0.0.1
-- Generation Time: May 12, 2024 at 08:19 PM
-- Server version: 10.4.24-MariaDB
-- PHP Version: 8.1.6

SET SQL_MODE = "NO_AUTO_VALUE_ON_ZERO";
START TRANSACTION;
SET time_zone = "+00:00";


/*!40101 SET @OLD_CHARACTER_SET_CLIENT=@@CHARACTER_SET_CLIENT */;
/*!40101 SET @OLD_CHARACTER_SET_RESULTS=@@CHARACTER_SET_RESULTS */;
/*!40101 SET @OLD_COLLATION_CONNECTION=@@COLLATION_CONNECTION */;
/*!40101 SET NAMES utf8mb4 */;

--
-- Database: `research_work`
--

-- --------------------------------------------------------

--
-- Table structure for table `attendees`
--

CREATE TABLE `attendees` (
  `attendee_id` int(11) NOT NULL,
  `event_id` int(11) NOT NULL,
  `user_id` int(11) NOT NULL
) ENGINE=InnoDB DEFAULT CHARSET=utf8mb4;

--
-- Dumping data for table `attendees`
--

INSERT INTO `attendees` (`attendee_id`, `event_id`, `user_id`) VALUES
(5, 2, 1),
(7, 2, 2);

-- --------------------------------------------------------

--
-- Table structure for table `boards`
--

CREATE TABLE `boards` (
  `board_id` int(11) NOT NULL,
  `user_id` int(11) NOT NULL,
  `board_name` varchar(100) NOT NULL,
  `board_order` int(11) NOT NULL,
  `created_at` timestamp NULL DEFAULT current_timestamp()
) ENGINE=InnoDB DEFAULT CHARSET=utf8mb4;

--
-- Dumping data for table `boards`
--

INSERT INTO `boards` (`board_id`, `user_id`, `board_name`, `board_order`, `created_at`) VALUES
(1, 1, 'Board 1', 1, '2024-05-01 12:41:29'),
(2, 1, 'Board 2', 2, '2024-05-01 12:41:35'),
(3, 2, 'Project 123', 1, '2024-05-06 20:39:04');

-- --------------------------------------------------------

--
-- Table structure for table `events`
--

CREATE TABLE `events` (
  `event_id` int(11) NOT NULL,
  `event_title` varchar(255) NOT NULL,
  `event_description` text DEFAULT NULL,
  `event_date` date NOT NULL,
  `event_time` time NOT NULL,
  `created_at` timestamp NULL DEFAULT current_timestamp(),
  `updated_at` timestamp NULL DEFAULT current_timestamp() ON UPDATE current_timestamp()
) ENGINE=InnoDB DEFAULT CHARSET=utf8mb4;

--
-- Dumping data for table `events`
--

INSERT INTO `events` (`event_id`, `event_title`, `event_description`, `event_date`, `event_time`, `created_at`, `updated_at`) VALUES
(2, 'Abcd', 'Abcd DEsc', '2024-05-23', '10:51:00', '2024-05-05 01:51:41', '2024-05-05 01:51:41');

-- --------------------------------------------------------

--
-- Table structure for table `groups`
--

CREATE TABLE `groups` (
  `group_id` int(11) NOT NULL,
  `group_name` varchar(255) NOT NULL,
  `created_by` int(11) DEFAULT NULL,
  `created_at` timestamp NOT NULL DEFAULT current_timestamp()
) ENGINE=InnoDB DEFAULT CHARSET=utf8mb4;

--
-- Dumping data for table `groups`
--

INSERT INTO `groups` (`group_id`, `group_name`, `created_by`, `created_at`) VALUES
(10, 'new group', 5, '2024-05-11 18:54:59'),
(11, 'new group', 5, '2024-05-11 18:55:19'),
(12, 'chat', 5, '2024-05-12 08:55:00'),
(13, 'chatting group', 5, '2024-05-12 09:54:59'),
(14, 'f4', 6, '2024-05-12 09:59:18'),
(15, 'chat', 6, '2024-05-12 10:02:59'),
(16, 'chats', 6, '2024-05-12 10:30:23'),
(17, 'group', 1, '2024-05-12 15:16:05');

-- --------------------------------------------------------

--
-- Table structure for table `group_members`
--

CREATE TABLE `group_members` (
  `group_id` int(11) NOT NULL,
  `user_id` int(11) NOT NULL
) ENGINE=InnoDB DEFAULT CHARSET=utf8mb4;

--
-- Dumping data for table `group_members`
--

INSERT INTO `group_members` (`group_id`, `user_id`) VALUES
(13, 1),
(13, 2),
(13, 4),
(14, 1),
(14, 2),
(14, 4),
(14, 5),
(14, 6),
(15, 1),
(15, 2),
(15, 6),
(16, 1),
(16, 2),
(16, 4),
(16, 5),
(17, 1),
(17, 2),
(17, 4),
(17, 5);

-- --------------------------------------------------------

--
-- Table structure for table `messages`
--

CREATE TABLE `messages` (
  `message_id` int(11) NOT NULL,
  `user_id` int(11) DEFAULT NULL,
  `message_text` text DEFAULT NULL,
  `timestamp` timestamp NULL DEFAULT current_timestamp()
) ENGINE=InnoDB DEFAULT CHARSET=utf8mb4;

--
-- Dumping data for table `messages`
--

INSERT INTO `messages` (`message_id`, `user_id`, `message_text`, `timestamp`) VALUES
(2, 1, 'Hello', '2024-05-04 14:27:35'),
(3, 2, 'We start the session and retrieve the user_id from the session if the user is logged in.\\r\\nWe call the insertMessage() function with the retrieved user_id.\\r\\nInside the insertMessage() function, we modify the query to include the user_id parameter and bind it to the prepared statement.\\r\\nWe ensure to use the correct data type (i for integer) when binding the user_id parameter.', '2024-05-04 14:30:46'),
(4, 2, 'We start the session and retrieve the user_id from the session if the user is logged in.\r\nWe call the insertMessage() function with the retrieved user_id.\r\nInside the insertMessage() function, we modify the query to include the user_id parameter and bind it to the prepared statement.\r\nWe ensure to use the correct data type (i for integer) when binding the user_id parameter.', '2024-05-04 14:54:37'),
(5, 2, 'Hello', '2024-05-04 15:49:52'),
(6, 2, 'Helloo\r\n', '2024-05-04 16:02:07'),
(7, 2, 'Test', '2024-05-04 16:15:46'),
(8, 2, 'test', '2024-05-04 16:15:50'),
(9, 2, 'TEst 5', '2024-05-04 16:15:54'),
(10, 2, 'test 7', '2024-05-04 16:15:59'),
(11, 2, 'test 8', '2024-05-04 16:16:03'),
(12, 2, 'To continuously scroll the #messages div to the bottom until the #new-messages element\'s position is less than 68 pixels from the top of the viewport, you can use a loop and continuously check the position of the #new-messages element. Here\'s how you can implement it:', '2024-05-04 16:16:11'),
(13, 1, 'Hello', '2024-05-04 16:28:01'),
(14, 2, 'heyyy', '2024-05-04 16:28:17'),
(15, 2, 'hhhe', '2024-05-04 16:29:19'),
(16, 1, 'HEllo\r\n', '2024-05-06 23:32:28'),
(17, 1, 'Heyyy', '2024-05-06 23:32:36'),
(18, 1, 'Test 123', '2024-05-06 23:34:14'),
(19, 1, 'test 3321', '2024-05-06 23:34:19'),
(20, 1, 'test 123', '2024-05-06 23:34:30'),
(21, 1, '2314213', '2024-05-06 23:34:34'),
(23, 4, 'hi\r\n', '2024-05-10 14:38:47');

-- --------------------------------------------------------

--
-- Table structure for table `message_read`
--

CREATE TABLE `message_read` (
  `status_id` int(11) NOT NULL,
  `message_id` int(11) DEFAULT NULL,
  `user_id` int(11) DEFAULT NULL
) ENGINE=InnoDB DEFAULT CHARSET=utf8mb4;

--
-- Dumping data for table `message_read`
--

INSERT INTO `message_read` (`status_id`, `message_id`, `user_id`) VALUES
(2, 2, 2),
(3, 3, 2),
(5, 2, 2),
(6, 3, 2),
(8, 2, 2),
(9, 3, 2),
(11, 2, 2),
(12, 3, 2),
(14, 2, 2),
(15, 3, 2),
(16, 4, 2),
(18, 2, 2),
(19, 3, 2),
(20, 4, 2),
(22, 2, 2),
(23, 3, 2),
(24, 4, 2),
(26, 2, 2),
(27, 3, 2),
(28, 4, 2),
(30, 2, 1),
(31, 3, 1),
(32, 4, 1),
(34, 2, 1),
(35, 3, 1),
(36, 4, 1),
(38, 2, 1),
(39, 3, 1),
(40, 4, 1),
(42, 2, 1),
(43, 3, 1),
(44, 4, 1),
(46, 2, 1),
(47, 3, 1),
(48, 4, 1),
(50, 2, 2),
(51, 3, 2),
(52, 4, 2),
(53, 5, 2),
(55, 2, 2),
(56, 3, 2),
(57, 4, 2),
(58, 5, 2),
(60, 2, 1),
(61, 3, 1),
(62, 4, 1),
(63, 5, 1),
(65, 2, 1),
(66, 3, 1),
(67, 4, 1),
(68, 5, 1),
(70, 2, 2),
(71, 3, 2),
(72, 4, 2),
(73, 5, 2),
(75, 2, 2),
(76, 3, 2),
(77, 4, 2),
(78, 5, 2),
(80, 2, 2),
(81, 3, 2),
(82, 4, 2),
(83, 5, 2),
(85, 2, 2),
(86, 3, 2),
(87, 4, 2),
(88, 5, 2),
(90, 2, 2),
(91, 3, 2),
(92, 4, 2),
(93, 5, 2),
(95, 2, 2),
(96, 3, 2),
(97, 4, 2),
(98, 5, 2),
(100, 2, 2),
(101, 3, 2),
(102, 4, 2),
(103, 5, 2),
(105, 2, 2),
(106, 3, 2),
(107, 4, 2),
(108, 5, 2),
(110, 2, 2),
(111, 3, 2),
(112, 4, 2),
(113, 5, 2),
(115, 2, 2),
(116, 3, 2),
(117, 4, 2),
(118, 5, 2),
(120, 2, 2),
(121, 3, 2),
(122, 4, 2),
(123, 5, 2),
(125, 2, 2),
(126, 3, 2),
(127, 4, 2),
(128, 5, 2),
(130, 2, 2),
(131, 3, 2),
(132, 4, 2),
(133, 5, 2),
(135, 2, 2),
(136, 3, 2),
(137, 4, 2),
(138, 5, 2),
(139, 6, 2),
(140, 7, 2),
(141, 8, 2),
(142, 9, 2),
(143, 10, 2),
(144, 11, 2),
(145, 12, 2),
(147, 2, 2),
(148, 3, 2),
(149, 4, 2),
(150, 5, 2),
(151, 6, 2),
(152, 7, 2),
(153, 8, 2),
(154, 9, 2),
(155, 10, 2),
(156, 11, 2),
(157, 12, 2),
(159, 2, 2),
(160, 3, 2),
(161, 4, 2),
(162, 5, 2),
(163, 6, 2),
(164, 7, 2),
(165, 8, 2),
(166, 9, 2),
(167, 10, 2),
(168, 11, 2),
(169, 12, 2),
(171, 2, 2),
(172, 3, 2),
(173, 4, 2),
(174, 5, 2),
(175, 6, 2),
(176, 7, 2),
(177, 8, 2),
(178, 9, 2),
(179, 10, 2),
(180, 11, 2),
(181, 12, 2),
(183, 2, 2),
(184, 3, 2),
(185, 4, 2),
(186, 5, 2),
(187, 6, 2),
(188, 7, 2),
(189, 8, 2),
(190, 9, 2),
(191, 10, 2),
(192, 11, 2),
(193, 12, 2),
(195, 2, 2),
(196, 3, 2),
(197, 4, 2),
(198, 5, 2),
(199, 6, 2),
(200, 7, 2),
(201, 8, 2),
(202, 9, 2),
(203, 10, 2),
(204, 11, 2),
(205, 12, 2),
(207, 2, 2),
(208, 3, 2),
(209, 4, 2),
(210, 5, 2),
(211, 6, 2),
(212, 7, 2),
(213, 8, 2),
(214, 9, 2),
(215, 10, 2),
(216, 11, 2),
(217, 12, 2),
(219, 2, 2),
(220, 3, 2),
(221, 4, 2),
(222, 5, 2),
(223, 6, 2),
(224, 7, 2),
(225, 8, 2),
(226, 9, 2),
(227, 10, 2),
(228, 11, 2),
(229, 12, 2),
(231, 2, 2),
(232, 3, 2),
(233, 4, 2),
(234, 5, 2),
(235, 6, 2),
(236, 7, 2),
(237, 8, 2),
(238, 9, 2),
(239, 10, 2),
(240, 11, 2),
(241, 12, 2),
(243, 2, 2),
(244, 3, 2),
(245, 4, 2),
(246, 5, 2),
(247, 6, 2),
(248, 7, 2),
(249, 8, 2),
(250, 9, 2),
(251, 10, 2),
(252, 11, 2),
(253, 12, 2),
(255, 2, 2),
(256, 3, 2),
(257, 4, 2),
(258, 5, 2),
(259, 6, 2),
(260, 7, 2),
(261, 8, 2),
(262, 9, 2),
(263, 10, 2),
(264, 11, 2),
(265, 12, 2),
(267, 2, 2),
(268, 3, 2),
(269, 4, 2),
(270, 5, 2),
(271, 6, 2),
(272, 7, 2),
(273, 8, 2),
(274, 9, 2),
(275, 10, 2),
(276, 11, 2),
(277, 12, 2),
(279, 2, 2),
(280, 3, 2),
(281, 4, 2),
(282, 5, 2),
(283, 6, 2),
(284, 7, 2),
(285, 8, 2),
(286, 9, 2),
(287, 10, 2),
(288, 11, 2),
(289, 12, 2),
(291, 2, 2),
(292, 3, 2),
(293, 4, 2),
(294, 5, 2),
(295, 6, 2),
(296, 7, 2),
(297, 8, 2),
(298, 9, 2),
(299, 10, 2),
(300, 11, 2),
(301, 12, 2),
(303, 2, 2),
(304, 3, 2),
(305, 4, 2),
(306, 5, 2),
(307, 6, 2),
(308, 7, 2),
(309, 8, 2),
(310, 9, 2),
(311, 10, 2),
(312, 11, 2),
(313, 12, 2),
(315, 2, 1),
(316, 3, 1),
(317, 4, 1),
(318, 5, 1),
(319, 6, 1),
(320, 7, 1),
(321, 8, 1),
(322, 9, 1),
(323, 10, 1),
(324, 11, 1),
(325, 12, 1),
(327, 2, 1),
(328, 3, 1),
(329, 4, 1),
(330, 5, 1),
(331, 6, 1),
(332, 7, 1),
(333, 8, 1),
(334, 9, 1),
(335, 10, 1),
(336, 11, 1),
(337, 12, 1),
(339, 2, 1),
(340, 3, 1),
(341, 4, 1),
(342, 5, 1),
(343, 6, 1),
(344, 7, 1),
(345, 8, 1),
(346, 9, 1),
(347, 10, 1),
(348, 11, 1),
(349, 12, 1),
(350, 13, 1),
(352, 2, 1),
(353, 3, 1),
(354, 4, 1),
(355, 5, 1),
(356, 6, 1),
(357, 7, 1),
(358, 8, 1),
(359, 9, 1),
(360, 10, 1),
(361, 11, 1),
(362, 12, 1),
(363, 13, 1),
(365, 2, 1),
(366, 3, 1),
(367, 4, 1),
(368, 5, 1),
(369, 6, 1),
(370, 7, 1),
(371, 8, 1),
(372, 9, 1),
(373, 10, 1),
(374, 11, 1),
(375, 12, 1),
(376, 13, 1),
(378, 2, 2),
(379, 3, 2),
(380, 4, 2),
(381, 5, 2),
(382, 6, 2),
(383, 7, 2),
(384, 8, 2),
(385, 9, 2),
(386, 10, 2),
(387, 11, 2),
(388, 12, 2),
(389, 13, 2),
(390, 14, 2),
(392, 2, 2),
(393, 3, 2),
(394, 4, 2),
(395, 5, 2),
(396, 6, 2),
(397, 7, 2),
(398, 8, 2),
(399, 9, 2),
(400, 10, 2),
(401, 11, 2),
(402, 12, 2),
(403, 13, 2),
(404, 14, 2),
(406, 2, 1),
(407, 3, 1),
(408, 4, 1),
(409, 5, 1),
(410, 6, 1),
(411, 7, 1),
(412, 8, 1),
(413, 9, 1),
(414, 10, 1),
(415, 11, 1),
(416, 12, 1),
(417, 13, 1),
(418, 14, 1),
(420, 2, 1),
(421, 3, 1),
(422, 4, 1),
(423, 5, 1),
(424, 6, 1),
(425, 7, 1),
(426, 8, 1),
(427, 9, 1),
(428, 10, 1),
(429, 11, 1),
(430, 12, 1),
(431, 13, 1),
(432, 14, 1),
(434, 2, 1),
(435, 3, 1),
(436, 4, 1),
(437, 5, 1),
(438, 6, 1),
(439, 7, 1),
(440, 8, 1),
(441, 9, 1),
(442, 10, 1),
(443, 11, 1),
(444, 12, 1),
(445, 13, 1),
(446, 14, 1),
(448, 2, 2),
(449, 3, 2),
(450, 4, 2),
(451, 5, 2),
(452, 6, 2),
(453, 7, 2),
(454, 8, 2),
(455, 9, 2),
(456, 10, 2),
(457, 11, 2),
(458, 12, 2),
(459, 13, 2),
(460, 14, 2),
(461, 15, 2),
(463, 2, 1),
(464, 3, 1),
(465, 4, 1),
(466, 5, 1),
(467, 6, 1),
(468, 7, 1),
(469, 8, 1),
(470, 9, 1),
(471, 10, 1),
(472, 11, 1),
(473, 12, 1),
(474, 13, 1),
(475, 14, 1),
(476, 15, 1),
(478, 2, 1),
(479, 3, 1),
(480, 4, 1),
(481, 5, 1),
(482, 6, 1),
(483, 7, 1),
(484, 8, 1),
(485, 9, 1),
(486, 10, 1),
(487, 11, 1),
(488, 12, 1),
(489, 13, 1),
(490, 14, 1),
(491, 15, 1),
(493, 2, 1),
(494, 3, 1),
(495, 4, 1),
(496, 5, 1),
(497, 6, 1),
(498, 7, 1),
(499, 8, 1),
(500, 9, 1),
(501, 10, 1),
(502, 11, 1),
(503, 12, 1),
(504, 13, 1),
(505, 14, 1),
(506, 15, 1),
(508, 2, 1),
(509, 3, 1),
(510, 4, 1),
(511, 5, 1),
(512, 6, 1),
(513, 7, 1),
(514, 8, 1),
(515, 9, 1),
(516, 10, 1),
(517, 11, 1),
(518, 12, 1),
(519, 13, 1),
(520, 14, 1),
(521, 15, 1),
(523, 2, 2),
(524, 3, 2),
(525, 4, 2),
(526, 5, 2),
(527, 6, 2),
(528, 7, 2),
(529, 8, 2),
(530, 9, 2),
(531, 10, 2),
(532, 11, 2),
(533, 12, 2),
(534, 13, 2),
(535, 14, 2),
(536, 15, 2),
(538, 2, 2),
(539, 3, 2),
(540, 4, 2),
(541, 5, 2),
(542, 6, 2),
(543, 7, 2),
(544, 8, 2),
(545, 9, 2),
(546, 10, 2),
(547, 11, 2),
(548, 12, 2),
(549, 13, 2),
(550, 14, 2),
(551, 15, 2),
(553, 2, 2),
(554, 3, 2),
(555, 4, 2),
(556, 5, 2),
(557, 6, 2),
(558, 7, 2),
(559, 8, 2),
(560, 9, 2),
(561, 10, 2),
(562, 11, 2),
(563, 12, 2),
(564, 13, 2),
(565, 14, 2),
(566, 15, 2),
(568, 2, 2),
(569, 3, 2),
(570, 4, 2),
(571, 5, 2),
(572, 6, 2),
(573, 7, 2),
(574, 8, 2),
(575, 9, 2),
(576, 10, 2),
(577, 11, 2),
(578, 12, 2),
(579, 13, 2),
(580, 14, 2),
(581, 15, 2),
(583, 2, 2),
(584, 3, 2),
(585, 4, 2),
(586, 5, 2),
(587, 6, 2),
(588, 7, 2),
(589, 8, 2),
(590, 9, 2),
(591, 10, 2),
(592, 11, 2),
(593, 12, 2),
(594, 13, 2),
(595, 14, 2),
(596, 15, 2),
(598, 2, 2),
(599, 3, 2),
(600, 4, 2),
(601, 5, 2),
(602, 6, 2),
(603, 7, 2),
(604, 8, 2),
(605, 9, 2),
(606, 10, 2),
(607, 11, 2),
(608, 12, 2),
(609, 13, 2),
(610, 14, 2),
(611, 15, 2),
(613, 2, 2),
(614, 3, 2),
(615, 4, 2),
(616, 5, 2),
(617, 6, 2),
(618, 7, 2),
(619, 8, 2),
(620, 9, 2),
(621, 10, 2),
(622, 11, 2),
(623, 12, 2),
(624, 13, 2),
(625, 14, 2),
(626, 15, 2),
(628, 2, 2),
(629, 3, 2),
(630, 4, 2),
(631, 5, 2),
(632, 6, 2),
(633, 7, 2),
(634, 8, 2),
(635, 9, 2),
(636, 10, 2),
(637, 11, 2),
(638, 12, 2),
(639, 13, 2),
(640, 14, 2),
(641, 15, 2),
(643, 2, 2),
(644, 3, 2),
(645, 4, 2),
(646, 5, 2),
(647, 6, 2),
(648, 7, 2),
(649, 8, 2),
(650, 9, 2),
(651, 10, 2),
(652, 11, 2),
(653, 12, 2),
(654, 13, 2),
(655, 14, 2),
(656, 15, 2),
(658, 2, 2),
(659, 3, 2),
(660, 4, 2),
(661, 5, 2),
(662, 6, 2),
(663, 7, 2),
(664, 8, 2),
(665, 9, 2),
(666, 10, 2),
(667, 11, 2),
(668, 12, 2),
(669, 13, 2),
(670, 14, 2),
(671, 15, 2),
(673, 2, 2),
(674, 3, 2),
(675, 4, 2),
(676, 5, 2),
(677, 6, 2),
(678, 7, 2),
(679, 8, 2),
(680, 9, 2),
(681, 10, 2),
(682, 11, 2),
(683, 12, 2),
(684, 13, 2),
(685, 14, 2),
(686, 15, 2),
(688, 2, 2),
(689, 3, 2),
(690, 4, 2),
(691, 5, 2),
(692, 6, 2),
(693, 7, 2),
(694, 8, 2),
(695, 9, 2),
(696, 10, 2),
(697, 11, 2),
(698, 12, 2),
(699, 13, 2),
(700, 14, 2),
(701, 15, 2),
(703, 2, 2),
(704, 3, 2),
(705, 4, 2),
(706, 5, 2),
(707, 6, 2),
(708, 7, 2),
(709, 8, 2),
(710, 9, 2),
(711, 10, 2),
(712, 11, 2),
(713, 12, 2),
(714, 13, 2),
(715, 14, 2),
(716, 15, 2),
(718, 2, 2),
(719, 3, 2),
(720, 4, 2),
(721, 5, 2),
(722, 6, 2),
(723, 7, 2),
(724, 8, 2),
(725, 9, 2),
(726, 10, 2),
(727, 11, 2),
(728, 12, 2),
(729, 13, 2),
(730, 14, 2),
(731, 15, 2),
(733, 2, 2),
(734, 3, 2),
(735, 4, 2),
(736, 5, 2),
(737, 6, 2),
(738, 7, 2),
(739, 8, 2),
(740, 9, 2),
(741, 10, 2),
(742, 11, 2),
(743, 12, 2),
(744, 13, 2),
(745, 14, 2),
(746, 15, 2),
(748, 2, 2),
(749, 3, 2),
(750, 4, 2),
(751, 5, 2),
(752, 6, 2),
(753, 7, 2),
(754, 8, 2),
(755, 9, 2),
(756, 10, 2),
(757, 11, 2),
(758, 12, 2),
(759, 13, 2),
(760, 14, 2),
(761, 15, 2),
(763, 2, 2),
(764, 3, 2),
(765, 4, 2),
(766, 5, 2),
(767, 6, 2),
(768, 7, 2),
(769, 8, 2),
(770, 9, 2),
(771, 10, 2),
(772, 11, 2),
(773, 12, 2),
(774, 13, 2),
(775, 14, 2),
(776, 15, 2),
(778, 2, 2),
(779, 3, 2),
(780, 4, 2),
(781, 5, 2),
(782, 6, 2),
(783, 7, 2),
(784, 8, 2),
(785, 9, 2),
(786, 10, 2),
(787, 11, 2),
(788, 12, 2),
(789, 13, 2),
(790, 14, 2),
(791, 15, 2),
(793, 2, 2),
(794, 3, 2),
(795, 4, 2),
(796, 5, 2),
(797, 6, 2),
(798, 7, 2),
(799, 8, 2),
(800, 9, 2),
(801, 10, 2),
(802, 11, 2),
(803, 12, 2),
(804, 13, 2),
(805, 14, 2),
(806, 15, 2),
(808, 2, 2),
(809, 3, 2),
(810, 4, 2),
(811, 5, 2),
(812, 6, 2),
(813, 7, 2),
(814, 8, 2),
(815, 9, 2),
(816, 10, 2),
(817, 11, 2),
(818, 12, 2),
(819, 13, 2),
(820, 14, 2),
(821, 15, 2),
(823, 2, 2),
(824, 3, 2),
(825, 4, 2),
(826, 5, 2),
(827, 6, 2),
(828, 7, 2),
(829, 8, 2),
(830, 9, 2),
(831, 10, 2),
(832, 11, 2),
(833, 12, 2),
(834, 13, 2),
(835, 14, 2),
(836, 15, 2),
(838, 2, 2),
(839, 3, 2),
(840, 4, 2),
(841, 5, 2),
(842, 6, 2),
(843, 7, 2),
(844, 8, 2),
(845, 9, 2),
(846, 10, 2),
(847, 11, 2),
(848, 12, 2),
(849, 13, 2),
(850, 14, 2),
(851, 15, 2),
(853, 2, 2),
(854, 3, 2),
(855, 4, 2),
(856, 5, 2),
(857, 6, 2),
(858, 7, 2),
(859, 8, 2),
(860, 9, 2),
(861, 10, 2),
(862, 11, 2),
(863, 12, 2),
(864, 13, 2),
(865, 14, 2),
(866, 15, 2),
(868, 2, 2),
(869, 3, 2),
(870, 4, 2),
(871, 5, 2),
(872, 6, 2),
(873, 7, 2),
(874, 8, 2),
(875, 9, 2),
(876, 10, 2),
(877, 11, 2),
(878, 12, 2),
(879, 13, 2),
(880, 14, 2),
(881, 15, 2),
(883, 2, 2),
(884, 3, 2),
(885, 4, 2),
(886, 5, 2),
(887, 6, 2),
(888, 7, 2),
(889, 8, 2),
(890, 9, 2),
(891, 10, 2),
(892, 11, 2),
(893, 12, 2),
(894, 13, 2),
(895, 14, 2),
(896, 15, 2),
(898, 2, 2),
(899, 3, 2),
(900, 4, 2),
(901, 5, 2),
(902, 6, 2),
(903, 7, 2),
(904, 8, 2),
(905, 9, 2),
(906, 10, 2),
(907, 11, 2),
(908, 12, 2),
(909, 13, 2),
(910, 14, 2),
(911, 15, 2),
(913, 2, 2),
(914, 3, 2),
(915, 4, 2),
(916, 5, 2),
(917, 6, 2),
(918, 7, 2),
(919, 8, 2),
(920, 9, 2),
(921, 10, 2),
(922, 11, 2),
(923, 12, 2),
(924, 13, 2),
(925, 14, 2),
(926, 15, 2),
(928, 2, 2),
(929, 3, 2),
(930, 4, 2),
(931, 5, 2),
(932, 6, 2),
(933, 7, 2),
(934, 8, 2),
(935, 9, 2),
(936, 10, 2),
(937, 11, 2),
(938, 12, 2),
(939, 13, 2),
(940, 14, 2),
(941, 15, 2),
(943, 2, 2),
(944, 3, 2),
(945, 4, 2),
(946, 5, 2),
(947, 6, 2),
(948, 7, 2),
(949, 8, 2),
(950, 9, 2),
(951, 10, 2),
(952, 11, 2),
(953, 12, 2),
(954, 13, 2),
(955, 14, 2),
(956, 15, 2),
(958, 2, 2),
(959, 3, 2),
(960, 4, 2),
(961, 5, 2),
(962, 6, 2),
(963, 7, 2),
(964, 8, 2),
(965, 9, 2),
(966, 10, 2),
(967, 11, 2),
(968, 12, 2),
(969, 13, 2),
(970, 14, 2),
(971, 15, 2),
(973, 2, 2),
(974, 3, 2),
(975, 4, 2),
(976, 5, 2),
(977, 6, 2),
(978, 7, 2),
(979, 8, 2),
(980, 9, 2),
(981, 10, 2),
(982, 11, 2),
(983, 12, 2),
(984, 13, 2),
(985, 14, 2),
(986, 15, 2),
(988, 2, 2),
(989, 3, 2),
(990, 4, 2),
(991, 5, 2),
(992, 6, 2),
(993, 7, 2),
(994, 8, 2),
(995, 9, 2),
(996, 10, 2),
(997, 11, 2),
(998, 12, 2),
(999, 13, 2),
(1000, 14, 2),
(1001, 15, 2),
(1003, 2, 2),
(1004, 3, 2),
(1005, 4, 2),
(1006, 5, 2),
(1007, 6, 2),
(1008, 7, 2),
(1009, 8, 2),
(1010, 9, 2),
(1011, 10, 2),
(1012, 11, 2),
(1013, 12, 2),
(1014, 13, 2),
(1015, 14, 2),
(1016, 15, 2),
(1018, 2, 2),
(1019, 3, 2),
(1020, 4, 2),
(1021, 5, 2),
(1022, 6, 2),
(1023, 7, 2),
(1024, 8, 2),
(1025, 9, 2),
(1026, 10, 2),
(1027, 11, 2),
(1028, 12, 2),
(1029, 13, 2),
(1030, 14, 2),
(1031, 15, 2),
(1033, 2, 2),
(1034, 3, 2),
(1035, 4, 2),
(1036, 5, 2),
(1037, 6, 2),
(1038, 7, 2),
(1039, 8, 2),
(1040, 9, 2),
(1041, 10, 2),
(1042, 11, 2),
(1043, 12, 2),
(1044, 13, 2),
(1045, 14, 2),
(1046, 15, 2),
(1048, 2, 2),
(1049, 3, 2),
(1050, 4, 2),
(1051, 5, 2),
(1052, 6, 2),
(1053, 7, 2),
(1054, 8, 2),
(1055, 9, 2),
(1056, 10, 2),
(1057, 11, 2),
(1058, 12, 2),
(1059, 13, 2),
(1060, 14, 2),
(1061, 15, 2),
(1063, 2, 2),
(1064, 3, 2),
(1065, 4, 2),
(1066, 5, 2),
(1067, 6, 2),
(1068, 7, 2),
(1069, 8, 2),
(1070, 9, 2),
(1071, 10, 2),
(1072, 11, 2),
(1073, 12, 2),
(1074, 13, 2),
(1075, 14, 2),
(1076, 15, 2),
(1078, 2, 2),
(1079, 3, 2),
(1080, 4, 2),
(1081, 5, 2),
(1082, 6, 2),
(1083, 7, 2),
(1084, 8, 2),
(1085, 9, 2),
(1086, 10, 2),
(1087, 11, 2),
(1088, 12, 2),
(1089, 13, 2),
(1090, 14, 2),
(1091, 15, 2),
(1093, 2, 2),
(1094, 3, 2),
(1095, 4, 2),
(1096, 5, 2),
(1097, 6, 2),
(1098, 7, 2),
(1099, 8, 2),
(1100, 9, 2),
(1101, 10, 2),
(1102, 11, 2),
(1103, 12, 2),
(1104, 13, 2),
(1105, 14, 2),
(1106, 15, 2),
(1108, 2, 2),
(1109, 3, 2),
(1110, 4, 2),
(1111, 5, 2),
(1112, 6, 2),
(1113, 7, 2),
(1114, 8, 2),
(1115, 9, 2),
(1116, 10, 2),
(1117, 11, 2),
(1118, 12, 2),
(1119, 13, 2),
(1120, 14, 2),
(1121, 15, 2),
(1123, 2, 2),
(1124, 3, 2),
(1125, 4, 2),
(1126, 5, 2),
(1127, 6, 2),
(1128, 7, 2),
(1129, 8, 2),
(1130, 9, 2),
(1131, 10, 2),
(1132, 11, 2),
(1133, 12, 2),
(1134, 13, 2),
(1135, 14, 2),
(1136, 15, 2),
(1138, 2, 2),
(1139, 3, 2),
(1140, 4, 2),
(1141, 5, 2),
(1142, 6, 2),
(1143, 7, 2),
(1144, 8, 2),
(1145, 9, 2),
(1146, 10, 2),
(1147, 11, 2),
(1148, 12, 2),
(1149, 13, 2),
(1150, 14, 2),
(1151, 15, 2),
(1153, 2, 2),
(1154, 3, 2),
(1155, 4, 2),
(1156, 5, 2),
(1157, 6, 2),
(1158, 7, 2),
(1159, 8, 2),
(1160, 9, 2),
(1161, 10, 2),
(1162, 11, 2),
(1163, 12, 2),
(1164, 13, 2),
(1165, 14, 2),
(1166, 15, 2),
(1168, 2, 2),
(1169, 3, 2),
(1170, 4, 2),
(1171, 5, 2),
(1172, 6, 2),
(1173, 7, 2),
(1174, 8, 2),
(1175, 9, 2),
(1176, 10, 2),
(1177, 11, 2),
(1178, 12, 2),
(1179, 13, 2),
(1180, 14, 2),
(1181, 15, 2),
(1183, 2, 2),
(1184, 3, 2),
(1185, 4, 2),
(1186, 5, 2),
(1187, 6, 2),
(1188, 7, 2),
(1189, 8, 2),
(1190, 9, 2),
(1191, 10, 2),
(1192, 11, 2),
(1193, 12, 2),
(1194, 13, 2),
(1195, 14, 2),
(1196, 15, 2),
(1198, 2, 2),
(1199, 3, 2),
(1200, 4, 2),
(1201, 5, 2),
(1202, 6, 2),
(1203, 7, 2),
(1204, 8, 2),
(1205, 9, 2),
(1206, 10, 2),
(1207, 11, 2),
(1208, 12, 2),
(1209, 13, 2),
(1210, 14, 2),
(1211, 15, 2),
(1213, 2, 2),
(1214, 3, 2),
(1215, 4, 2),
(1216, 5, 2),
(1217, 6, 2),
(1218, 7, 2),
(1219, 8, 2),
(1220, 9, 2),
(1221, 10, 2),
(1222, 11, 2),
(1223, 12, 2),
(1224, 13, 2),
(1225, 14, 2),
(1226, 15, 2),
(1228, 2, 2),
(1229, 3, 2),
(1230, 4, 2),
(1231, 5, 2),
(1232, 6, 2),
(1233, 7, 2),
(1234, 8, 2),
(1235, 9, 2),
(1236, 10, 2),
(1237, 11, 2),
(1238, 12, 2),
(1239, 13, 2),
(1240, 14, 2),
(1241, 15, 2),
(1243, 2, 2),
(1244, 3, 2),
(1245, 4, 2),
(1246, 5, 2),
(1247, 6, 2),
(1248, 7, 2),
(1249, 8, 2),
(1250, 9, 2),
(1251, 10, 2),
(1252, 11, 2),
(1253, 12, 2),
(1254, 13, 2),
(1255, 14, 2),
(1256, 15, 2),
(1258, 2, 2),
(1259, 3, 2),
(1260, 4, 2),
(1261, 5, 2),
(1262, 6, 2),
(1263, 7, 2),
(1264, 8, 2),
(1265, 9, 2),
(1266, 10, 2),
(1267, 11, 2),
(1268, 12, 2),
(1269, 13, 2),
(1270, 14, 2),
(1271, 15, 2),
(1273, 2, 2),
(1274, 3, 2),
(1275, 4, 2),
(1276, 5, 2),
(1277, 6, 2),
(1278, 7, 2),
(1279, 8, 2),
(1280, 9, 2),
(1281, 10, 2),
(1282, 11, 2),
(1283, 12, 2),
(1284, 13, 2),
(1285, 14, 2),
(1286, 15, 2),
(1288, 2, 2),
(1289, 3, 2),
(1290, 4, 2),
(1291, 5, 2),
(1292, 6, 2),
(1293, 7, 2),
(1294, 8, 2),
(1295, 9, 2),
(1296, 10, 2),
(1297, 11, 2),
(1298, 12, 2),
(1299, 13, 2),
(1300, 14, 2),
(1301, 15, 2),
(1303, 2, 2),
(1304, 3, 2),
(1305, 4, 2),
(1306, 5, 2),
(1307, 6, 2),
(1308, 7, 2),
(1309, 8, 2),
(1310, 9, 2),
(1311, 10, 2),
(1312, 11, 2),
(1313, 12, 2),
(1314, 13, 2),
(1315, 14, 2),
(1316, 15, 2),
(1318, 2, 2),
(1319, 3, 2),
(1320, 4, 2),
(1321, 5, 2),
(1322, 6, 2),
(1323, 7, 2),
(1324, 8, 2),
(1325, 9, 2),
(1326, 10, 2),
(1327, 11, 2),
(1328, 12, 2),
(1329, 13, 2),
(1330, 14, 2),
(1331, 15, 2),
(1333, 2, 2),
(1334, 3, 2),
(1335, 4, 2),
(1336, 5, 2),
(1337, 6, 2),
(1338, 7, 2),
(1339, 8, 2),
(1340, 9, 2),
(1341, 10, 2),
(1342, 11, 2),
(1343, 12, 2),
(1344, 13, 2),
(1345, 14, 2),
(1346, 15, 2),
(1348, 2, 2),
(1349, 3, 2),
(1350, 4, 2),
(1351, 5, 2),
(1352, 6, 2),
(1353, 7, 2),
(1354, 8, 2),
(1355, 9, 2),
(1356, 10, 2),
(1357, 11, 2),
(1358, 12, 2),
(1359, 13, 2),
(1360, 14, 2),
(1361, 15, 2),
(1363, 2, 2),
(1364, 3, 2),
(1365, 4, 2),
(1366, 5, 2),
(1367, 6, 2),
(1368, 7, 2),
(1369, 8, 2),
(1370, 9, 2),
(1371, 10, 2),
(1372, 11, 2),
(1373, 12, 2),
(1374, 13, 2),
(1375, 14, 2),
(1376, 15, 2),
(1378, 2, 2),
(1379, 3, 2),
(1380, 4, 2),
(1381, 5, 2),
(1382, 6, 2),
(1383, 7, 2),
(1384, 8, 2),
(1385, 9, 2),
(1386, 10, 2),
(1387, 11, 2),
(1388, 12, 2),
(1389, 13, 2),
(1390, 14, 2),
(1391, 15, 2),
(1393, 2, 2),
(1394, 3, 2),
(1395, 4, 2),
(1396, 5, 2),
(1397, 6, 2),
(1398, 7, 2),
(1399, 8, 2),
(1400, 9, 2),
(1401, 10, 2),
(1402, 11, 2),
(1403, 12, 2),
(1404, 13, 2),
(1405, 14, 2),
(1406, 15, 2),
(1408, 2, 2),
(1409, 3, 2),
(1410, 4, 2),
(1411, 5, 2),
(1412, 6, 2),
(1413, 7, 2),
(1414, 8, 2),
(1415, 9, 2),
(1416, 10, 2),
(1417, 11, 2),
(1418, 12, 2),
(1419, 13, 2),
(1420, 14, 2),
(1421, 15, 2),
(1423, 2, 2),
(1424, 3, 2),
(1425, 4, 2),
(1426, 5, 2),
(1427, 6, 2),
(1428, 7, 2),
(1429, 8, 2),
(1430, 9, 2),
(1431, 10, 2),
(1432, 11, 2),
(1433, 12, 2),
(1434, 13, 2),
(1435, 14, 2),
(1436, 15, 2),
(1438, 2, 2),
(1439, 3, 2),
(1440, 4, 2),
(1441, 5, 2),
(1442, 6, 2),
(1443, 7, 2),
(1444, 8, 2),
(1445, 9, 2),
(1446, 10, 2),
(1447, 11, 2),
(1448, 12, 2),
(1449, 13, 2),
(1450, 14, 2),
(1451, 15, 2),
(1453, 2, 2),
(1454, 3, 2),
(1455, 4, 2),
(1456, 5, 2),
(1457, 6, 2),
(1458, 7, 2),
(1459, 8, 2),
(1460, 9, 2),
(1461, 10, 2),
(1462, 11, 2),
(1463, 12, 2),
(1464, 13, 2),
(1465, 14, 2),
(1466, 15, 2),
(1468, 2, 2),
(1469, 3, 2),
(1470, 4, 2),
(1471, 5, 2),
(1472, 6, 2),
(1473, 7, 2),
(1474, 8, 2),
(1475, 9, 2),
(1476, 10, 2),
(1477, 11, 2),
(1478, 12, 2),
(1479, 13, 2),
(1480, 14, 2),
(1481, 15, 2),
(1483, 2, 2),
(1484, 3, 2),
(1485, 4, 2),
(1486, 5, 2),
(1487, 6, 2),
(1488, 7, 2),
(1489, 8, 2),
(1490, 9, 2),
(1491, 10, 2),
(1492, 11, 2),
(1493, 12, 2),
(1494, 13, 2),
(1495, 14, 2),
(1496, 15, 2),
(1498, 2, 2),
(1499, 3, 2),
(1500, 4, 2),
(1501, 5, 2),
(1502, 6, 2),
(1503, 7, 2),
(1504, 8, 2),
(1505, 9, 2),
(1506, 10, 2),
(1507, 11, 2),
(1508, 12, 2),
(1509, 13, 2),
(1510, 14, 2),
(1511, 15, 2),
(1513, 2, 2),
(1514, 3, 2),
(1515, 4, 2),
(1516, 5, 2),
(1517, 6, 2),
(1518, 7, 2),
(1519, 8, 2),
(1520, 9, 2),
(1521, 10, 2),
(1522, 11, 2),
(1523, 12, 2),
(1524, 13, 2),
(1525, 14, 2),
(1526, 15, 2),
(1528, 2, 2),
(1529, 3, 2),
(1530, 4, 2),
(1531, 5, 2),
(1532, 6, 2),
(1533, 7, 2),
(1534, 8, 2),
(1535, 9, 2),
(1536, 10, 2),
(1537, 11, 2),
(1538, 12, 2),
(1539, 13, 2),
(1540, 14, 2),
(1541, 15, 2),
(1543, 2, 2),
(1544, 3, 2),
(1545, 4, 2),
(1546, 5, 2),
(1547, 6, 2),
(1548, 7, 2),
(1549, 8, 2),
(1550, 9, 2),
(1551, 10, 2),
(1552, 11, 2),
(1553, 12, 2),
(1554, 13, 2),
(1555, 14, 2),
(1556, 15, 2),
(1558, 2, 2),
(1559, 3, 2),
(1560, 4, 2),
(1561, 5, 2),
(1562, 6, 2),
(1563, 7, 2),
(1564, 8, 2),
(1565, 9, 2),
(1566, 10, 2),
(1567, 11, 2),
(1568, 12, 2),
(1569, 13, 2),
(1570, 14, 2),
(1571, 15, 2),
(1573, 2, 2),
(1574, 3, 2),
(1575, 4, 2),
(1576, 5, 2),
(1577, 6, 2),
(1578, 7, 2),
(1579, 8, 2),
(1580, 9, 2),
(1581, 10, 2),
(1582, 11, 2),
(1583, 12, 2),
(1584, 13, 2),
(1585, 14, 2),
(1586, 15, 2),
(1588, 2, 2),
(1589, 3, 2),
(1590, 4, 2),
(1591, 5, 2),
(1592, 6, 2),
(1593, 7, 2),
(1594, 8, 2),
(1595, 9, 2),
(1596, 10, 2),
(1597, 11, 2),
(1598, 12, 2),
(1599, 13, 2),
(1600, 14, 2),
(1601, 15, 2),
(1603, 2, 2),
(1604, 3, 2),
(1605, 4, 2),
(1606, 5, 2),
(1607, 6, 2),
(1608, 7, 2),
(1609, 8, 2),
(1610, 9, 2),
(1611, 10, 2),
(1612, 11, 2),
(1613, 12, 2),
(1614, 13, 2),
(1615, 14, 2),
(1616, 15, 2),
(1618, 2, 2),
(1619, 3, 2),
(1620, 4, 2),
(1621, 5, 2),
(1622, 6, 2),
(1623, 7, 2),
(1624, 8, 2),
(1625, 9, 2),
(1626, 10, 2),
(1627, 11, 2),
(1628, 12, 2),
(1629, 13, 2),
(1630, 14, 2),
(1631, 15, 2),
(1633, 2, 2),
(1634, 3, 2),
(1635, 4, 2),
(1636, 5, 2),
(1637, 6, 2),
(1638, 7, 2),
(1639, 8, 2),
(1640, 9, 2),
(1641, 10, 2),
(1642, 11, 2),
(1643, 12, 2),
(1644, 13, 2),
(1645, 14, 2),
(1646, 15, 2),
(1648, 2, 2),
(1649, 3, 2),
(1650, 4, 2),
(1651, 5, 2),
(1652, 6, 2),
(1653, 7, 2),
(1654, 8, 2),
(1655, 9, 2),
(1656, 10, 2),
(1657, 11, 2),
(1658, 12, 2),
(1659, 13, 2),
(1660, 14, 2),
(1661, 15, 2),
(1663, 2, 2),
(1664, 3, 2),
(1665, 4, 2),
(1666, 5, 2),
(1667, 6, 2),
(1668, 7, 2),
(1669, 8, 2),
(1670, 9, 2),
(1671, 10, 2),
(1672, 11, 2),
(1673, 12, 2),
(1674, 13, 2),
(1675, 14, 2),
(1676, 15, 2),
(1678, 2, 2),
(1679, 3, 2),
(1680, 4, 2),
(1681, 5, 2),
(1682, 6, 2),
(1683, 7, 2),
(1684, 8, 2),
(1685, 9, 2),
(1686, 10, 2),
(1687, 11, 2),
(1688, 12, 2),
(1689, 13, 2),
(1690, 14, 2),
(1691, 15, 2),
(1693, 2, 2),
(1694, 3, 2),
(1695, 4, 2),
(1696, 5, 2),
(1697, 6, 2),
(1698, 7, 2),
(1699, 8, 2),
(1700, 9, 2),
(1701, 10, 2),
(1702, 11, 2),
(1703, 12, 2),
(1704, 13, 2),
(1705, 14, 2),
(1706, 15, 2),
(1708, 2, 2),
(1709, 3, 2),
(1710, 4, 2),
(1711, 5, 2),
(1712, 6, 2),
(1713, 7, 2),
(1714, 8, 2),
(1715, 9, 2),
(1716, 10, 2),
(1717, 11, 2),
(1718, 12, 2),
(1719, 13, 2),
(1720, 14, 2),
(1721, 15, 2),
(1723, 2, 2),
(1724, 3, 2),
(1725, 4, 2),
(1726, 5, 2),
(1727, 6, 2),
(1728, 7, 2),
(1729, 8, 2),
(1730, 9, 2),
(1731, 10, 2),
(1732, 11, 2),
(1733, 12, 2),
(1734, 13, 2),
(1735, 14, 2),
(1736, 15, 2),
(1738, 2, 2),
(1739, 3, 2),
(1740, 4, 2),
(1741, 5, 2),
(1742, 6, 2),
(1743, 7, 2),
(1744, 8, 2),
(1745, 9, 2),
(1746, 10, 2),
(1747, 11, 2),
(1748, 12, 2),
(1749, 13, 2),
(1750, 14, 2),
(1751, 15, 2),
(1753, 2, 2),
(1754, 3, 2),
(1755, 4, 2),
(1756, 5, 2),
(1757, 6, 2),
(1758, 7, 2),
(1759, 8, 2),
(1760, 9, 2),
(1761, 10, 2),
(1762, 11, 2),
(1763, 12, 2),
(1764, 13, 2),
(1765, 14, 2),
(1766, 15, 2),
(1768, 2, 2),
(1769, 3, 2),
(1770, 4, 2),
(1771, 5, 2),
(1772, 6, 2),
(1773, 7, 2),
(1774, 8, 2),
(1775, 9, 2),
(1776, 10, 2),
(1777, 11, 2),
(1778, 12, 2),
(1779, 13, 2),
(1780, 14, 2),
(1781, 15, 2),
(1783, 2, 2),
(1784, 3, 2),
(1785, 4, 2),
(1786, 5, 2),
(1787, 6, 2),
(1788, 7, 2),
(1789, 8, 2),
(1790, 9, 2),
(1791, 10, 2),
(1792, 11, 2),
(1793, 12, 2),
(1794, 13, 2),
(1795, 14, 2),
(1796, 15, 2),
(1798, 2, 2),
(1799, 3, 2),
(1800, 4, 2),
(1801, 5, 2),
(1802, 6, 2),
(1803, 7, 2),
(1804, 8, 2),
(1805, 9, 2),
(1806, 10, 2),
(1807, 11, 2),
(1808, 12, 2),
(1809, 13, 2),
(1810, 14, 2),
(1811, 15, 2),
(1813, 2, 2),
(1814, 3, 2),
(1815, 4, 2),
(1816, 5, 2),
(1817, 6, 2),
(1818, 7, 2),
(1819, 8, 2),
(1820, 9, 2),
(1821, 10, 2),
(1822, 11, 2),
(1823, 12, 2),
(1824, 13, 2),
(1825, 14, 2),
(1826, 15, 2),
(1828, 2, 2),
(1829, 3, 2),
(1830, 4, 2),
(1831, 5, 2),
(1832, 6, 2),
(1833, 7, 2),
(1834, 8, 2),
(1835, 9, 2),
(1836, 10, 2),
(1837, 11, 2),
(1838, 12, 2),
(1839, 13, 2),
(1840, 14, 2),
(1841, 15, 2),
(1843, 2, 2),
(1844, 3, 2),
(1845, 4, 2),
(1846, 5, 2),
(1847, 6, 2),
(1848, 7, 2),
(1849, 8, 2),
(1850, 9, 2),
(1851, 10, 2),
(1852, 11, 2),
(1853, 12, 2),
(1854, 13, 2),
(1855, 14, 2),
(1856, 15, 2),
(1858, 2, 2),
(1859, 3, 2),
(1860, 4, 2),
(1861, 5, 2),
(1862, 6, 2),
(1863, 7, 2),
(1864, 8, 2),
(1865, 9, 2),
(1866, 10, 2),
(1867, 11, 2),
(1868, 12, 2),
(1869, 13, 2),
(1870, 14, 2),
(1871, 15, 2),
(1873, 2, 2),
(1874, 3, 2),
(1875, 4, 2),
(1876, 5, 2),
(1877, 6, 2),
(1878, 7, 2),
(1879, 8, 2),
(1880, 9, 2),
(1881, 10, 2),
(1882, 11, 2),
(1883, 12, 2),
(1884, 13, 2),
(1885, 14, 2),
(1886, 15, 2),
(1888, 2, 2),
(1889, 3, 2),
(1890, 4, 2),
(1891, 5, 2),
(1892, 6, 2),
(1893, 7, 2),
(1894, 8, 2),
(1895, 9, 2),
(1896, 10, 2),
(1897, 11, 2),
(1898, 12, 2),
(1899, 13, 2),
(1900, 14, 2),
(1901, 15, 2),
(1903, 2, 2),
(1904, 3, 2),
(1905, 4, 2),
(1906, 5, 2),
(1907, 6, 2),
(1908, 7, 2),
(1909, 8, 2),
(1910, 9, 2),
(1911, 10, 2),
(1912, 11, 2),
(1913, 12, 2),
(1914, 13, 2),
(1915, 14, 2),
(1916, 15, 2),
(1918, 2, 2),
(1919, 3, 2),
(1920, 4, 2),
(1921, 5, 2),
(1922, 6, 2),
(1923, 7, 2),
(1924, 8, 2),
(1925, 9, 2),
(1926, 10, 2),
(1927, 11, 2),
(1928, 12, 2),
(1929, 13, 2),
(1930, 14, 2),
(1931, 15, 2),
(1933, 2, 2),
(1934, 3, 2),
(1935, 4, 2),
(1936, 5, 2),
(1937, 6, 2),
(1938, 7, 2),
(1939, 8, 2),
(1940, 9, 2),
(1941, 10, 2),
(1942, 11, 2),
(1943, 12, 2),
(1944, 13, 2),
(1945, 14, 2),
(1946, 15, 2),
(1948, 2, 2),
(1949, 3, 2),
(1950, 4, 2),
(1951, 5, 2),
(1952, 6, 2),
(1953, 7, 2),
(1954, 8, 2),
(1955, 9, 2),
(1956, 10, 2),
(1957, 11, 2),
(1958, 12, 2),
(1959, 13, 2),
(1960, 14, 2),
(1961, 15, 2),
(1963, 2, 2),
(1964, 3, 2),
(1965, 4, 2),
(1966, 5, 2),
(1967, 6, 2),
(1968, 7, 2),
(1969, 8, 2),
(1970, 9, 2),
(1971, 10, 2),
(1972, 11, 2),
(1973, 12, 2),
(1974, 13, 2),
(1975, 14, 2),
(1976, 15, 2),
(1978, 2, 2),
(1979, 3, 2),
(1980, 4, 2),
(1981, 5, 2),
(1982, 6, 2),
(1983, 7, 2),
(1984, 8, 2),
(1985, 9, 2),
(1986, 10, 2),
(1987, 11, 2),
(1988, 12, 2),
(1989, 13, 2),
(1990, 14, 2),
(1991, 15, 2),
(1993, 2, 2),
(1994, 3, 2),
(1995, 4, 2),
(1996, 5, 2),
(1997, 6, 2),
(1998, 7, 2),
(1999, 8, 2),
(2000, 9, 2),
(2001, 10, 2),
(2002, 11, 2),
(2003, 12, 2),
(2004, 13, 2),
(2005, 14, 2),
(2006, 15, 2),
(2008, 2, 2),
(2009, 3, 2),
(2010, 4, 2),
(2011, 5, 2),
(2012, 6, 2),
(2013, 7, 2),
(2014, 8, 2),
(2015, 9, 2),
(2016, 10, 2),
(2017, 11, 2),
(2018, 12, 2),
(2019, 13, 2),
(2020, 14, 2),
(2021, 15, 2),
(2023, 2, 2),
(2024, 3, 2),
(2025, 4, 2),
(2026, 5, 2),
(2027, 6, 2),
(2028, 7, 2),
(2029, 8, 2),
(2030, 9, 2),
(2031, 10, 2),
(2032, 11, 2),
(2033, 12, 2),
(2034, 13, 2),
(2035, 14, 2),
(2036, 15, 2),
(2038, 2, 2),
(2039, 3, 2),
(2040, 4, 2),
(2041, 5, 2),
(2042, 6, 2),
(2043, 7, 2),
(2044, 8, 2),
(2045, 9, 2),
(2046, 10, 2),
(2047, 11, 2),
(2048, 12, 2),
(2049, 13, 2),
(2050, 14, 2),
(2051, 15, 2),
(2053, 2, 2),
(2054, 3, 2),
(2055, 4, 2),
(2056, 5, 2),
(2057, 6, 2),
(2058, 7, 2),
(2059, 8, 2),
(2060, 9, 2),
(2061, 10, 2),
(2062, 11, 2),
(2063, 12, 2),
(2064, 13, 2),
(2065, 14, 2),
(2066, 15, 2),
(2068, 2, 2),
(2069, 3, 2),
(2070, 4, 2),
(2071, 5, 2),
(2072, 6, 2),
(2073, 7, 2),
(2074, 8, 2),
(2075, 9, 2),
(2076, 10, 2),
(2077, 11, 2),
(2078, 12, 2),
(2079, 13, 2),
(2080, 14, 2),
(2081, 15, 2),
(2083, 2, 2),
(2084, 3, 2),
(2085, 4, 2),
(2086, 5, 2),
(2087, 6, 2),
(2088, 7, 2),
(2089, 8, 2),
(2090, 9, 2),
(2091, 10, 2),
(2092, 11, 2),
(2093, 12, 2),
(2094, 13, 2),
(2095, 14, 2),
(2096, 15, 2),
(2098, 2, 2),
(2099, 3, 2),
(2100, 4, 2),
(2101, 5, 2),
(2102, 6, 2),
(2103, 7, 2),
(2104, 8, 2),
(2105, 9, 2),
(2106, 10, 2),
(2107, 11, 2),
(2108, 12, 2),
(2109, 13, 2),
(2110, 14, 2),
(2111, 15, 2),
(2113, 2, 2),
(2114, 3, 2),
(2115, 4, 2),
(2116, 5, 2),
(2117, 6, 2),
(2118, 7, 2),
(2119, 8, 2),
(2120, 9, 2),
(2121, 10, 2),
(2122, 11, 2),
(2123, 12, 2),
(2124, 13, 2),
(2125, 14, 2),
(2126, 15, 2),
(2128, 2, 2),
(2129, 3, 2),
(2130, 4, 2),
(2131, 5, 2),
(2132, 6, 2),
(2133, 7, 2),
(2134, 8, 2),
(2135, 9, 2),
(2136, 10, 2),
(2137, 11, 2),
(2138, 12, 2),
(2139, 13, 2),
(2140, 14, 2),
(2141, 15, 2),
(2143, 2, 2),
(2144, 3, 2),
(2145, 4, 2),
(2146, 5, 2),
(2147, 6, 2),
(2148, 7, 2),
(2149, 8, 2),
(2150, 9, 2),
(2151, 10, 2),
(2152, 11, 2),
(2153, 12, 2),
(2154, 13, 2),
(2155, 14, 2),
(2156, 15, 2),
(2158, 2, 2),
(2159, 3, 2),
(2160, 4, 2),
(2161, 5, 2),
(2162, 6, 2),
(2163, 7, 2),
(2164, 8, 2),
(2165, 9, 2),
(2166, 10, 2),
(2167, 11, 2),
(2168, 12, 2),
(2169, 13, 2),
(2170, 14, 2),
(2171, 15, 2),
(2173, 2, 2),
(2174, 3, 2),
(2175, 4, 2),
(2176, 5, 2),
(2177, 6, 2),
(2178, 7, 2),
(2179, 8, 2),
(2180, 9, 2),
(2181, 10, 2),
(2182, 11, 2),
(2183, 12, 2),
(2184, 13, 2),
(2185, 14, 2),
(2186, 15, 2),
(2188, 2, 2),
(2189, 3, 2),
(2190, 4, 2),
(2191, 5, 2),
(2192, 6, 2),
(2193, 7, 2),
(2194, 8, 2),
(2195, 9, 2),
(2196, 10, 2),
(2197, 11, 2),
(2198, 12, 2),
(2199, 13, 2),
(2200, 14, 2),
(2201, 15, 2),
(2203, 2, 2),
(2204, 3, 2),
(2205, 4, 2),
(2206, 5, 2),
(2207, 6, 2),
(2208, 7, 2),
(2209, 8, 2),
(2210, 9, 2),
(2211, 10, 2),
(2212, 11, 2),
(2213, 12, 2),
(2214, 13, 2),
(2215, 14, 2),
(2216, 15, 2),
(2218, 2, 2),
(2219, 3, 2),
(2220, 4, 2),
(2221, 5, 2),
(2222, 6, 2),
(2223, 7, 2),
(2224, 8, 2),
(2225, 9, 2),
(2226, 10, 2),
(2227, 11, 2),
(2228, 12, 2),
(2229, 13, 2),
(2230, 14, 2),
(2231, 15, 2),
(2233, 2, 2),
(2234, 3, 2),
(2235, 4, 2),
(2236, 5, 2),
(2237, 6, 2),
(2238, 7, 2),
(2239, 8, 2),
(2240, 9, 2),
(2241, 10, 2),
(2242, 11, 2),
(2243, 12, 2),
(2244, 13, 2),
(2245, 14, 2),
(2246, 15, 2),
(2248, 2, 2),
(2249, 3, 2),
(2250, 4, 2),
(2251, 5, 2),
(2252, 6, 2),
(2253, 7, 2),
(2254, 8, 2),
(2255, 9, 2),
(2256, 10, 2),
(2257, 11, 2),
(2258, 12, 2),
(2259, 13, 2),
(2260, 14, 2),
(2261, 15, 2),
(2263, 2, 2),
(2264, 3, 2),
(2265, 4, 2),
(2266, 5, 2),
(2267, 6, 2),
(2268, 7, 2),
(2269, 8, 2),
(2270, 9, 2),
(2271, 10, 2),
(2272, 11, 2),
(2273, 12, 2),
(2274, 13, 2),
(2275, 14, 2),
(2276, 15, 2),
(2278, 2, 2),
(2279, 3, 2),
(2280, 4, 2),
(2281, 5, 2),
(2282, 6, 2),
(2283, 7, 2),
(2284, 8, 2),
(2285, 9, 2),
(2286, 10, 2),
(2287, 11, 2),
(2288, 12, 2),
(2289, 13, 2),
(2290, 14, 2),
(2291, 15, 2),
(2293, 2, 2),
(2294, 3, 2),
(2295, 4, 2),
(2296, 5, 2),
(2297, 6, 2),
(2298, 7, 2),
(2299, 8, 2),
(2300, 9, 2),
(2301, 10, 2),
(2302, 11, 2),
(2303, 12, 2),
(2304, 13, 2),
(2305, 14, 2),
(2306, 15, 2),
(2308, 2, 2),
(2309, 3, 2),
(2310, 4, 2),
(2311, 5, 2),
(2312, 6, 2),
(2313, 7, 2),
(2314, 8, 2),
(2315, 9, 2),
(2316, 10, 2),
(2317, 11, 2),
(2318, 12, 2),
(2319, 13, 2),
(2320, 14, 2),
(2321, 15, 2),
(2323, 2, 2),
(2324, 3, 2),
(2325, 4, 2),
(2326, 5, 2),
(2327, 6, 2),
(2328, 7, 2),
(2329, 8, 2),
(2330, 9, 2),
(2331, 10, 2),
(2332, 11, 2),
(2333, 12, 2),
(2334, 13, 2),
(2335, 14, 2),
(2336, 15, 2),
(2338, 2, 2),
(2339, 3, 2),
(2340, 4, 2),
(2341, 5, 2),
(2342, 6, 2),
(2343, 7, 2),
(2344, 8, 2),
(2345, 9, 2),
(2346, 10, 2),
(2347, 11, 2),
(2348, 12, 2),
(2349, 13, 2),
(2350, 14, 2),
(2351, 15, 2),
(2353, 2, 2),
(2354, 3, 2),
(2355, 4, 2),
(2356, 5, 2),
(2357, 6, 2),
(2358, 7, 2),
(2359, 8, 2),
(2360, 9, 2),
(2361, 10, 2),
(2362, 11, 2),
(2363, 12, 2),
(2364, 13, 2),
(2365, 14, 2),
(2366, 15, 2),
(2368, 2, 2),
(2369, 3, 2),
(2370, 4, 2),
(2371, 5, 2),
(2372, 6, 2),
(2373, 7, 2),
(2374, 8, 2),
(2375, 9, 2),
(2376, 10, 2),
(2377, 11, 2),
(2378, 12, 2),
(2379, 13, 2),
(2380, 14, 2),
(2381, 15, 2),
(2383, 2, 2),
(2384, 3, 2),
(2385, 4, 2),
(2386, 5, 2),
(2387, 6, 2),
(2388, 7, 2),
(2389, 8, 2),
(2390, 9, 2),
(2391, 10, 2),
(2392, 11, 2),
(2393, 12, 2),
(2394, 13, 2),
(2395, 14, 2),
(2396, 15, 2),
(2398, 2, 2),
(2399, 3, 2),
(2400, 4, 2),
(2401, 5, 2),
(2402, 6, 2),
(2403, 7, 2),
(2404, 8, 2),
(2405, 9, 2),
(2406, 10, 2),
(2407, 11, 2),
(2408, 12, 2),
(2409, 13, 2),
(2410, 14, 2),
(2411, 15, 2),
(2413, 2, 2),
(2414, 3, 2),
(2415, 4, 2),
(2416, 5, 2),
(2417, 6, 2),
(2418, 7, 2),
(2419, 8, 2),
(2420, 9, 2),
(2421, 10, 2),
(2422, 11, 2),
(2423, 12, 2),
(2424, 13, 2),
(2425, 14, 2),
(2426, 15, 2),
(2428, 2, 2),
(2429, 3, 2),
(2430, 4, 2),
(2431, 5, 2),
(2432, 6, 2),
(2433, 7, 2),
(2434, 8, 2),
(2435, 9, 2),
(2436, 10, 2),
(2437, 11, 2),
(2438, 12, 2),
(2439, 13, 2),
(2440, 14, 2),
(2441, 15, 2),
(2443, 2, 2),
(2444, 3, 2),
(2445, 4, 2),
(2446, 5, 2),
(2447, 6, 2),
(2448, 7, 2),
(2449, 8, 2),
(2450, 9, 2),
(2451, 10, 2),
(2452, 11, 2),
(2453, 12, 2),
(2454, 13, 2),
(2455, 14, 2),
(2456, 15, 2),
(2458, 2, 2),
(2459, 3, 2),
(2460, 4, 2),
(2461, 5, 2),
(2462, 6, 2),
(2463, 7, 2),
(2464, 8, 2),
(2465, 9, 2),
(2466, 10, 2),
(2467, 11, 2),
(2468, 12, 2),
(2469, 13, 2),
(2470, 14, 2),
(2471, 15, 2),
(2473, 2, 2),
(2474, 3, 2),
(2475, 4, 2),
(2476, 5, 2),
(2477, 6, 2),
(2478, 7, 2),
(2479, 8, 2),
(2480, 9, 2),
(2481, 10, 2),
(2482, 11, 2),
(2483, 12, 2),
(2484, 13, 2),
(2485, 14, 2),
(2486, 15, 2),
(2488, 2, 2),
(2489, 3, 2),
(2490, 4, 2),
(2491, 5, 2),
(2492, 6, 2),
(2493, 7, 2),
(2494, 8, 2),
(2495, 9, 2),
(2496, 10, 2),
(2497, 11, 2),
(2498, 12, 2),
(2499, 13, 2),
(2500, 14, 2),
(2501, 15, 2),
(2503, 2, 2),
(2504, 3, 2),
(2505, 4, 2),
(2506, 5, 2),
(2507, 6, 2),
(2508, 7, 2),
(2509, 8, 2),
(2510, 9, 2),
(2511, 10, 2),
(2512, 11, 2),
(2513, 12, 2),
(2514, 13, 2),
(2515, 14, 2),
(2516, 15, 2),
(2518, 2, 2),
(2519, 3, 2),
(2520, 4, 2),
(2521, 5, 2),
(2522, 6, 2),
(2523, 7, 2),
(2524, 8, 2),
(2525, 9, 2),
(2526, 10, 2),
(2527, 11, 2),
(2528, 12, 2),
(2529, 13, 2),
(2530, 14, 2),
(2531, 15, 2),
(2533, 2, 2),
(2534, 3, 2),
(2535, 4, 2),
(2536, 5, 2),
(2537, 6, 2),
(2538, 7, 2),
(2539, 8, 2),
(2540, 9, 2),
(2541, 10, 2),
(2542, 11, 2),
(2543, 12, 2),
(2544, 13, 2),
(2545, 14, 2),
(2546, 15, 2),
(2548, 2, 2),
(2549, 3, 2),
(2550, 4, 2),
(2551, 5, 2),
(2552, 6, 2),
(2553, 7, 2),
(2554, 8, 2),
(2555, 9, 2),
(2556, 10, 2),
(2557, 11, 2),
(2558, 12, 2),
(2559, 13, 2),
(2560, 14, 2),
(2561, 15, 2),
(2563, 2, 2),
(2564, 3, 2),
(2565, 4, 2),
(2566, 5, 2),
(2567, 6, 2),
(2568, 7, 2),
(2569, 8, 2),
(2570, 9, 2),
(2571, 10, 2),
(2572, 11, 2),
(2573, 12, 2),
(2574, 13, 2),
(2575, 14, 2),
(2576, 15, 2),
(2578, 2, 2),
(2579, 3, 2),
(2580, 4, 2),
(2581, 5, 2),
(2582, 6, 2),
(2583, 7, 2),
(2584, 8, 2),
(2585, 9, 2),
(2586, 10, 2),
(2587, 11, 2),
(2588, 12, 2),
(2589, 13, 2),
(2590, 14, 2),
(2591, 15, 2),
(2593, 2, 2),
(2594, 3, 2),
(2595, 4, 2),
(2596, 5, 2),
(2597, 6, 2),
(2598, 7, 2),
(2599, 8, 2),
(2600, 9, 2),
(2601, 10, 2),
(2602, 11, 2),
(2603, 12, 2),
(2604, 13, 2),
(2605, 14, 2),
(2606, 15, 2),
(2608, 2, 2),
(2609, 3, 2),
(2610, 4, 2),
(2611, 5, 2),
(2612, 6, 2),
(2613, 7, 2),
(2614, 8, 2),
(2615, 9, 2),
(2616, 10, 2),
(2617, 11, 2),
(2618, 12, 2),
(2619, 13, 2),
(2620, 14, 2),
(2621, 15, 2),
(2623, 2, 2),
(2624, 3, 2),
(2625, 4, 2),
(2626, 5, 2),
(2627, 6, 2),
(2628, 7, 2),
(2629, 8, 2),
(2630, 9, 2),
(2631, 10, 2),
(2632, 11, 2),
(2633, 12, 2),
(2634, 13, 2),
(2635, 14, 2),
(2636, 15, 2),
(2638, 2, 2),
(2639, 3, 2),
(2640, 4, 2),
(2641, 5, 2),
(2642, 6, 2),
(2643, 7, 2),
(2644, 8, 2),
(2645, 9, 2),
(2646, 10, 2),
(2647, 11, 2),
(2648, 12, 2),
(2649, 13, 2),
(2650, 14, 2),
(2651, 15, 2),
(2653, 2, 2),
(2654, 3, 2),
(2655, 4, 2),
(2656, 5, 2),
(2657, 6, 2),
(2658, 7, 2),
(2659, 8, 2),
(2660, 9, 2),
(2661, 10, 2),
(2662, 11, 2),
(2663, 12, 2),
(2664, 13, 2),
(2665, 14, 2),
(2666, 15, 2),
(2668, 2, 2),
(2669, 3, 2),
(2670, 4, 2),
(2671, 5, 2),
(2672, 6, 2),
(2673, 7, 2),
(2674, 8, 2),
(2675, 9, 2),
(2676, 10, 2),
(2677, 11, 2),
(2678, 12, 2),
(2679, 13, 2),
(2680, 14, 2),
(2681, 15, 2),
(2683, 2, 2),
(2684, 3, 2),
(2685, 4, 2),
(2686, 5, 2),
(2687, 6, 2),
(2688, 7, 2),
(2689, 8, 2),
(2690, 9, 2),
(2691, 10, 2),
(2692, 11, 2),
(2693, 12, 2),
(2694, 13, 2),
(2695, 14, 2),
(2696, 15, 2),
(2698, 2, 2),
(2699, 3, 2),
(2700, 4, 2),
(2701, 5, 2),
(2702, 6, 2),
(2703, 7, 2),
(2704, 8, 2),
(2705, 9, 2),
(2706, 10, 2),
(2707, 11, 2),
(2708, 12, 2),
(2709, 13, 2),
(2710, 14, 2),
(2711, 15, 2),
(2713, 2, 2),
(2714, 3, 2),
(2715, 4, 2),
(2716, 5, 2),
(2717, 6, 2),
(2718, 7, 2),
(2719, 8, 2),
(2720, 9, 2),
(2721, 10, 2),
(2722, 11, 2),
(2723, 12, 2),
(2724, 13, 2),
(2725, 14, 2),
(2726, 15, 2),
(2728, 2, 2),
(2729, 3, 2),
(2730, 4, 2),
(2731, 5, 2),
(2732, 6, 2),
(2733, 7, 2),
(2734, 8, 2),
(2735, 9, 2),
(2736, 10, 2),
(2737, 11, 2),
(2738, 12, 2),
(2739, 13, 2),
(2740, 14, 2),
(2741, 15, 2),
(2743, 2, 2),
(2744, 3, 2),
(2745, 4, 2),
(2746, 5, 2),
(2747, 6, 2),
(2748, 7, 2),
(2749, 8, 2),
(2750, 9, 2),
(2751, 10, 2),
(2752, 11, 2),
(2753, 12, 2),
(2754, 13, 2),
(2755, 14, 2),
(2756, 15, 2),
(2758, 2, 2),
(2759, 3, 2),
(2760, 4, 2),
(2761, 5, 2),
(2762, 6, 2),
(2763, 7, 2),
(2764, 8, 2),
(2765, 9, 2),
(2766, 10, 2),
(2767, 11, 2),
(2768, 12, 2),
(2769, 13, 2),
(2770, 14, 2),
(2771, 15, 2),
(2773, 2, 2),
(2774, 3, 2),
(2775, 4, 2),
(2776, 5, 2),
(2777, 6, 2),
(2778, 7, 2),
(2779, 8, 2),
(2780, 9, 2),
(2781, 10, 2),
(2782, 11, 2),
(2783, 12, 2),
(2784, 13, 2),
(2785, 14, 2),
(2786, 15, 2),
(2788, 2, 2),
(2789, 3, 2),
(2790, 4, 2),
(2791, 5, 2),
(2792, 6, 2),
(2793, 7, 2),
(2794, 8, 2),
(2795, 9, 2),
(2796, 10, 2),
(2797, 11, 2),
(2798, 12, 2),
(2799, 13, 2),
(2800, 14, 2),
(2801, 15, 2),
(2803, 2, 2),
(2804, 3, 2),
(2805, 4, 2),
(2806, 5, 2),
(2807, 6, 2),
(2808, 7, 2),
(2809, 8, 2),
(2810, 9, 2),
(2811, 10, 2),
(2812, 11, 2),
(2813, 12, 2),
(2814, 13, 2),
(2815, 14, 2),
(2816, 15, 2),
(2818, 2, 2),
(2819, 3, 2),
(2820, 4, 2),
(2821, 5, 2),
(2822, 6, 2),
(2823, 7, 2),
(2824, 8, 2),
(2825, 9, 2),
(2826, 10, 2),
(2827, 11, 2),
(2828, 12, 2),
(2829, 13, 2),
(2830, 14, 2),
(2831, 15, 2),
(2833, 2, 2),
(2834, 3, 2),
(2835, 4, 2),
(2836, 5, 2),
(2837, 6, 2),
(2838, 7, 2),
(2839, 8, 2),
(2840, 9, 2),
(2841, 10, 2),
(2842, 11, 2),
(2843, 12, 2),
(2844, 13, 2),
(2845, 14, 2),
(2846, 15, 2),
(2848, 2, 2),
(2849, 3, 2),
(2850, 4, 2),
(2851, 5, 2),
(2852, 6, 2),
(2853, 7, 2),
(2854, 8, 2),
(2855, 9, 2),
(2856, 10, 2),
(2857, 11, 2),
(2858, 12, 2),
(2859, 13, 2),
(2860, 14, 2),
(2861, 15, 2),
(2863, 2, 2),
(2864, 3, 2),
(2865, 4, 2),
(2866, 5, 2),
(2867, 6, 2),
(2868, 7, 2),
(2869, 8, 2),
(2870, 9, 2),
(2871, 10, 2),
(2872, 11, 2),
(2873, 12, 2),
(2874, 13, 2),
(2875, 14, 2),
(2876, 15, 2),
(2878, 2, 2),
(2879, 3, 2),
(2880, 4, 2),
(2881, 5, 2),
(2882, 6, 2),
(2883, 7, 2),
(2884, 8, 2),
(2885, 9, 2),
(2886, 10, 2),
(2887, 11, 2),
(2888, 12, 2),
(2889, 13, 2),
(2890, 14, 2),
(2891, 15, 2),
(2893, 2, 2),
(2894, 3, 2),
(2895, 4, 2),
(2896, 5, 2),
(2897, 6, 2),
(2898, 7, 2),
(2899, 8, 2),
(2900, 9, 2),
(2901, 10, 2),
(2902, 11, 2),
(2903, 12, 2),
(2904, 13, 2),
(2905, 14, 2),
(2906, 15, 2),
(2908, 2, 2),
(2909, 3, 2),
(2910, 4, 2),
(2911, 5, 2),
(2912, 6, 2),
(2913, 7, 2),
(2914, 8, 2),
(2915, 9, 2),
(2916, 10, 2),
(2917, 11, 2),
(2918, 12, 2),
(2919, 13, 2),
(2920, 14, 2),
(2921, 15, 2),
(2923, 2, 2),
(2924, 3, 2),
(2925, 4, 2),
(2926, 5, 2),
(2927, 6, 2),
(2928, 7, 2),
(2929, 8, 2),
(2930, 9, 2),
(2931, 10, 2),
(2932, 11, 2),
(2933, 12, 2),
(2934, 13, 2),
(2935, 14, 2),
(2936, 15, 2),
(2938, 2, 2),
(2939, 3, 2),
(2940, 4, 2),
(2941, 5, 2),
(2942, 6, 2),
(2943, 7, 2),
(2944, 8, 2),
(2945, 9, 2),
(2946, 10, 2),
(2947, 11, 2),
(2948, 12, 2),
(2949, 13, 2),
(2950, 14, 2),
(2951, 15, 2),
(2953, 2, 2),
(2954, 3, 2),
(2955, 4, 2),
(2956, 5, 2),
(2957, 6, 2),
(2958, 7, 2),
(2959, 8, 2),
(2960, 9, 2),
(2961, 10, 2),
(2962, 11, 2),
(2963, 12, 2),
(2964, 13, 2),
(2965, 14, 2),
(2966, 15, 2),
(2968, 2, 2),
(2969, 3, 2),
(2970, 4, 2),
(2971, 5, 2),
(2972, 6, 2),
(2973, 7, 2),
(2974, 8, 2),
(2975, 9, 2),
(2976, 10, 2),
(2977, 11, 2),
(2978, 12, 2),
(2979, 13, 2),
(2980, 14, 2),
(2981, 15, 2),
(2983, 2, 2),
(2984, 3, 2),
(2985, 4, 2),
(2986, 5, 2),
(2987, 6, 2),
(2988, 7, 2),
(2989, 8, 2),
(2990, 9, 2),
(2991, 10, 2),
(2992, 11, 2),
(2993, 12, 2),
(2994, 13, 2),
(2995, 14, 2),
(2996, 15, 2),
(2998, 2, 2),
(2999, 3, 2),
(3000, 4, 2),
(3001, 5, 2),
(3002, 6, 2),
(3003, 7, 2),
(3004, 8, 2),
(3005, 9, 2),
(3006, 10, 2),
(3007, 11, 2),
(3008, 12, 2),
(3009, 13, 2),
(3010, 14, 2),
(3011, 15, 2),
(3013, 2, 2),
(3014, 3, 2),
(3015, 4, 2),
(3016, 5, 2),
(3017, 6, 2),
(3018, 7, 2),
(3019, 8, 2),
(3020, 9, 2),
(3021, 10, 2),
(3022, 11, 2),
(3023, 12, 2),
(3024, 13, 2),
(3025, 14, 2),
(3026, 15, 2),
(3028, 2, 2),
(3029, 3, 2),
(3030, 4, 2),
(3031, 5, 2),
(3032, 6, 2),
(3033, 7, 2),
(3034, 8, 2),
(3035, 9, 2),
(3036, 10, 2),
(3037, 11, 2),
(3038, 12, 2),
(3039, 13, 2),
(3040, 14, 2),
(3041, 15, 2),
(3043, 2, 2),
(3044, 3, 2),
(3045, 4, 2),
(3046, 5, 2),
(3047, 6, 2),
(3048, 7, 2),
(3049, 8, 2),
(3050, 9, 2),
(3051, 10, 2),
(3052, 11, 2),
(3053, 12, 2),
(3054, 13, 2),
(3055, 14, 2),
(3056, 15, 2),
(3058, 2, 2),
(3059, 3, 2),
(3060, 4, 2),
(3061, 5, 2),
(3062, 6, 2),
(3063, 7, 2),
(3064, 8, 2),
(3065, 9, 2),
(3066, 10, 2),
(3067, 11, 2),
(3068, 12, 2),
(3069, 13, 2),
(3070, 14, 2),
(3071, 15, 2),
(3073, 2, 2),
(3074, 3, 2),
(3075, 4, 2),
(3076, 5, 2),
(3077, 6, 2),
(3078, 7, 2),
(3079, 8, 2),
(3080, 9, 2),
(3081, 10, 2),
(3082, 11, 2),
(3083, 12, 2),
(3084, 13, 2),
(3085, 14, 2),
(3086, 15, 2),
(3088, 2, 2),
(3089, 3, 2),
(3090, 4, 2),
(3091, 5, 2),
(3092, 6, 2),
(3093, 7, 2),
(3094, 8, 2),
(3095, 9, 2),
(3096, 10, 2),
(3097, 11, 2),
(3098, 12, 2),
(3099, 13, 2),
(3100, 14, 2),
(3101, 15, 2),
(3103, 2, 2),
(3104, 3, 2),
(3105, 4, 2),
(3106, 5, 2),
(3107, 6, 2),
(3108, 7, 2),
(3109, 8, 2),
(3110, 9, 2),
(3111, 10, 2),
(3112, 11, 2),
(3113, 12, 2),
(3114, 13, 2),
(3115, 14, 2),
(3116, 15, 2),
(3118, 2, 2),
(3119, 3, 2),
(3120, 4, 2),
(3121, 5, 2),
(3122, 6, 2),
(3123, 7, 2),
(3124, 8, 2),
(3125, 9, 2),
(3126, 10, 2),
(3127, 11, 2),
(3128, 12, 2),
(3129, 13, 2),
(3130, 14, 2),
(3131, 15, 2),
(3133, 2, 2),
(3134, 3, 2),
(3135, 4, 2),
(3136, 5, 2),
(3137, 6, 2),
(3138, 7, 2),
(3139, 8, 2),
(3140, 9, 2),
(3141, 10, 2),
(3142, 11, 2),
(3143, 12, 2),
(3144, 13, 2),
(3145, 14, 2),
(3146, 15, 2),
(3148, 2, 2),
(3149, 3, 2),
(3150, 4, 2),
(3151, 5, 2),
(3152, 6, 2),
(3153, 7, 2),
(3154, 8, 2),
(3155, 9, 2),
(3156, 10, 2),
(3157, 11, 2),
(3158, 12, 2),
(3159, 13, 2),
(3160, 14, 2),
(3161, 15, 2),
(3163, 2, 2),
(3164, 3, 2),
(3165, 4, 2),
(3166, 5, 2),
(3167, 6, 2),
(3168, 7, 2),
(3169, 8, 2),
(3170, 9, 2),
(3171, 10, 2),
(3172, 11, 2),
(3173, 12, 2),
(3174, 13, 2),
(3175, 14, 2),
(3176, 15, 2),
(3178, 2, 2),
(3179, 3, 2),
(3180, 4, 2),
(3181, 5, 2),
(3182, 6, 2),
(3183, 7, 2),
(3184, 8, 2),
(3185, 9, 2),
(3186, 10, 2),
(3187, 11, 2),
(3188, 12, 2),
(3189, 13, 2),
(3190, 14, 2),
(3191, 15, 2),
(3193, 2, 2),
(3194, 3, 2),
(3195, 4, 2),
(3196, 5, 2),
(3197, 6, 2),
(3198, 7, 2),
(3199, 8, 2),
(3200, 9, 2),
(3201, 10, 2),
(3202, 11, 2),
(3203, 12, 2),
(3204, 13, 2),
(3205, 14, 2),
(3206, 15, 2),
(3208, 2, 2),
(3209, 3, 2),
(3210, 4, 2),
(3211, 5, 2),
(3212, 6, 2),
(3213, 7, 2),
(3214, 8, 2),
(3215, 9, 2),
(3216, 10, 2),
(3217, 11, 2),
(3218, 12, 2),
(3219, 13, 2),
(3220, 14, 2),
(3221, 15, 2),
(3223, 2, 2),
(3224, 3, 2),
(3225, 4, 2),
(3226, 5, 2),
(3227, 6, 2),
(3228, 7, 2),
(3229, 8, 2),
(3230, 9, 2),
(3231, 10, 2),
(3232, 11, 2),
(3233, 12, 2),
(3234, 13, 2),
(3235, 14, 2),
(3236, 15, 2),
(3238, 2, 2),
(3239, 3, 2),
(3240, 4, 2),
(3241, 5, 2),
(3242, 6, 2),
(3243, 7, 2),
(3244, 8, 2),
(3245, 9, 2),
(3246, 10, 2),
(3247, 11, 2),
(3248, 12, 2),
(3249, 13, 2),
(3250, 14, 2),
(3251, 15, 2),
(3253, 2, 2),
(3254, 3, 2),
(3255, 4, 2),
(3256, 5, 2),
(3257, 6, 2),
(3258, 7, 2),
(3259, 8, 2),
(3260, 9, 2),
(3261, 10, 2),
(3262, 11, 2),
(3263, 12, 2),
(3264, 13, 2),
(3265, 14, 2),
(3266, 15, 2),
(3268, 2, 2),
(3269, 3, 2),
(3270, 4, 2),
(3271, 5, 2),
(3272, 6, 2),
(3273, 7, 2),
(3274, 8, 2),
(3275, 9, 2),
(3276, 10, 2),
(3277, 11, 2),
(3278, 12, 2),
(3279, 13, 2),
(3280, 14, 2),
(3281, 15, 2),
(3283, 2, 2),
(3284, 3, 2),
(3285, 4, 2),
(3286, 5, 2),
(3287, 6, 2),
(3288, 7, 2),
(3289, 8, 2),
(3290, 9, 2),
(3291, 10, 2),
(3292, 11, 2),
(3293, 12, 2),
(3294, 13, 2),
(3295, 14, 2),
(3296, 15, 2),
(3298, 2, 2),
(3299, 3, 2),
(3300, 4, 2),
(3301, 5, 2),
(3302, 6, 2),
(3303, 7, 2),
(3304, 8, 2),
(3305, 9, 2),
(3306, 10, 2),
(3307, 11, 2),
(3308, 12, 2),
(3309, 13, 2),
(3310, 14, 2),
(3311, 15, 2),
(3313, 2, 2),
(3314, 3, 2),
(3315, 4, 2),
(3316, 5, 2),
(3317, 6, 2),
(3318, 7, 2),
(3319, 8, 2),
(3320, 9, 2),
(3321, 10, 2),
(3322, 11, 2),
(3323, 12, 2),
(3324, 13, 2),
(3325, 14, 2),
(3326, 15, 2),
(3328, 2, 2),
(3329, 3, 2),
(3330, 4, 2),
(3331, 5, 2),
(3332, 6, 2),
(3333, 7, 2),
(3334, 8, 2),
(3335, 9, 2),
(3336, 10, 2),
(3337, 11, 2),
(3338, 12, 2),
(3339, 13, 2),
(3340, 14, 2),
(3341, 15, 2),
(3343, 2, 2),
(3344, 3, 2),
(3345, 4, 2),
(3346, 5, 2),
(3347, 6, 2),
(3348, 7, 2),
(3349, 8, 2),
(3350, 9, 2),
(3351, 10, 2),
(3352, 11, 2),
(3353, 12, 2),
(3354, 13, 2),
(3355, 14, 2),
(3356, 15, 2),
(3358, 2, 2),
(3359, 3, 2),
(3360, 4, 2),
(3361, 5, 2),
(3362, 6, 2),
(3363, 7, 2),
(3364, 8, 2),
(3365, 9, 2),
(3366, 10, 2),
(3367, 11, 2),
(3368, 12, 2),
(3369, 13, 2),
(3370, 14, 2),
(3371, 15, 2),
(3373, 2, 2),
(3374, 3, 2),
(3375, 4, 2),
(3376, 5, 2),
(3377, 6, 2),
(3378, 7, 2),
(3379, 8, 2),
(3380, 9, 2),
(3381, 10, 2),
(3382, 11, 2),
(3383, 12, 2),
(3384, 13, 2),
(3385, 14, 2),
(3386, 15, 2),
(3388, 2, 2),
(3389, 3, 2),
(3390, 4, 2),
(3391, 5, 2),
(3392, 6, 2),
(3393, 7, 2),
(3394, 8, 2),
(3395, 9, 2),
(3396, 10, 2),
(3397, 11, 2),
(3398, 12, 2),
(3399, 13, 2),
(3400, 14, 2),
(3401, 15, 2),
(3403, 2, 2),
(3404, 3, 2),
(3405, 4, 2),
(3406, 5, 2),
(3407, 6, 2),
(3408, 7, 2),
(3409, 8, 2),
(3410, 9, 2),
(3411, 10, 2),
(3412, 11, 2),
(3413, 12, 2),
(3414, 13, 2),
(3415, 14, 2),
(3416, 15, 2),
(3418, 2, 2),
(3419, 3, 2),
(3420, 4, 2),
(3421, 5, 2),
(3422, 6, 2),
(3423, 7, 2),
(3424, 8, 2),
(3425, 9, 2),
(3426, 10, 2),
(3427, 11, 2),
(3428, 12, 2),
(3429, 13, 2),
(3430, 14, 2),
(3431, 15, 2),
(3433, 2, 2),
(3434, 3, 2),
(3435, 4, 2),
(3436, 5, 2),
(3437, 6, 2),
(3438, 7, 2),
(3439, 8, 2),
(3440, 9, 2),
(3441, 10, 2),
(3442, 11, 2),
(3443, 12, 2),
(3444, 13, 2),
(3445, 14, 2),
(3446, 15, 2),
(3448, 2, 2),
(3449, 3, 2),
(3450, 4, 2),
(3451, 5, 2),
(3452, 6, 2),
(3453, 7, 2),
(3454, 8, 2),
(3455, 9, 2),
(3456, 10, 2),
(3457, 11, 2),
(3458, 12, 2),
(3459, 13, 2),
(3460, 14, 2),
(3461, 15, 2),
(3463, 2, 2),
(3464, 3, 2),
(3465, 4, 2),
(3466, 5, 2),
(3467, 6, 2),
(3468, 7, 2),
(3469, 8, 2),
(3470, 9, 2),
(3471, 10, 2),
(3472, 11, 2),
(3473, 12, 2),
(3474, 13, 2),
(3475, 14, 2),
(3476, 15, 2),
(3478, 2, 2),
(3479, 3, 2),
(3480, 4, 2),
(3481, 5, 2),
(3482, 6, 2),
(3483, 7, 2),
(3484, 8, 2),
(3485, 9, 2),
(3486, 10, 2),
(3487, 11, 2),
(3488, 12, 2),
(3489, 13, 2),
(3490, 14, 2),
(3491, 15, 2),
(3493, 2, 2),
(3494, 3, 2),
(3495, 4, 2),
(3496, 5, 2),
(3497, 6, 2),
(3498, 7, 2),
(3499, 8, 2),
(3500, 9, 2),
(3501, 10, 2),
(3502, 11, 2),
(3503, 12, 2),
(3504, 13, 2),
(3505, 14, 2),
(3506, 15, 2),
(3508, 2, 2),
(3509, 3, 2),
(3510, 4, 2),
(3511, 5, 2),
(3512, 6, 2),
(3513, 7, 2),
(3514, 8, 2),
(3515, 9, 2),
(3516, 10, 2),
(3517, 11, 2),
(3518, 12, 2),
(3519, 13, 2),
(3520, 14, 2),
(3521, 15, 2),
(3523, 2, 2),
(3524, 3, 2),
(3525, 4, 2),
(3526, 5, 2),
(3527, 6, 2),
(3528, 7, 2),
(3529, 8, 2),
(3530, 9, 2),
(3531, 10, 2),
(3532, 11, 2),
(3533, 12, 2),
(3534, 13, 2),
(3535, 14, 2),
(3536, 15, 2),
(3538, 2, 1),
(3539, 3, 1),
(3540, 4, 1),
(3541, 5, 1),
(3542, 6, 1),
(3543, 7, 1),
(3544, 8, 1),
(3545, 9, 1),
(3546, 10, 1),
(3547, 11, 1),
(3548, 12, 1),
(3549, 13, 1),
(3550, 14, 1),
(3551, 15, 1),
(3553, 2, 2),
(3554, 3, 2),
(3555, 4, 2),
(3556, 5, 2),
(3557, 6, 2),
(3558, 7, 2),
(3559, 8, 2),
(3560, 9, 2),
(3561, 10, 2),
(3562, 11, 2),
(3563, 12, 2),
(3564, 13, 2),
(3565, 14, 2),
(3566, 15, 2),
(3598, 2, 1),
(3599, 3, 1),
(3600, 4, 1),
(3601, 5, 1),
(3602, 6, 1),
(3603, 7, 1),
(3604, 8, 1),
(3605, 9, 1),
(3606, 10, 1),
(3607, 11, 1),
(3608, 12, 1),
(3609, 13, 1),
(3610, 14, 1),
(3611, 15, 1),
(3613, 2, 1),
(3614, 3, 1),
(3615, 4, 1),
(3616, 5, 1),
(3617, 6, 1),
(3618, 7, 1),
(3619, 8, 1),
(3620, 9, 1),
(3621, 10, 1),
(3622, 11, 1),
(3623, 12, 1),
(3624, 13, 1),
(3625, 14, 1),
(3626, 15, 1),
(3627, 16, 1),
(3629, 2, 1),
(3630, 3, 1),
(3631, 4, 1),
(3632, 5, 1),
(3633, 6, 1),
(3634, 7, 1),
(3635, 8, 1),
(3636, 9, 1),
(3637, 10, 1),
(3638, 11, 1),
(3639, 12, 1),
(3640, 13, 1),
(3641, 14, 1),
(3642, 15, 1),
(3643, 16, 1),
(3645, 2, 1),
(3646, 3, 1),
(3647, 4, 1),
(3648, 5, 1),
(3649, 6, 1),
(3650, 7, 1),
(3651, 8, 1),
(3652, 9, 1),
(3653, 10, 1),
(3654, 11, 1),
(3655, 12, 1),
(3656, 13, 1),
(3657, 14, 1),
(3658, 15, 1),
(3659, 16, 1),
(3660, 17, 1),
(3662, 2, 1),
(3663, 3, 1),
(3664, 4, 1),
(3665, 5, 1),
(3666, 6, 1),
(3667, 7, 1),
(3668, 8, 1),
(3669, 9, 1),
(3670, 10, 1),
(3671, 11, 1),
(3672, 12, 1),
(3673, 13, 1),
(3674, 14, 1),
(3675, 15, 1),
(3676, 16, 1),
(3677, 17, 1),
(3696, 2, 1),
(3697, 3, 1),
(3698, 4, 1),
(3699, 5, 1),
(3700, 6, 1),
(3701, 7, 1),
(3702, 8, 1),
(3703, 9, 1),
(3704, 10, 1),
(3705, 11, 1),
(3706, 12, 1),
(3707, 13, 1),
(3708, 14, 1),
(3709, 15, 1),
(3710, 16, 1),
(3711, 17, 1),
(3712, 18, 1),
(3713, 19, 1),
(3714, 20, 1),
(3715, 21, 1),
(3717, 2, 1),
(3718, 3, 1),
(3719, 4, 1),
(3720, 5, 1),
(3721, 6, 1),
(3722, 7, 1),
(3723, 8, 1),
(3724, 9, 1),
(3725, 10, 1),
(3726, 11, 1),
(3727, 12, 1),
(3728, 13, 1),
(3729, 14, 1),
(3730, 15, 1),
(3731, 16, 1),
(3732, 17, 1),
(3733, 18, 1),
(3734, 19, 1),
(3735, 20, 1),
(3736, 21, 1),
(3738, 2, 1),
(3739, 3, 1),
(3740, 4, 1),
(3741, 5, 1),
(3742, 6, 1),
(3743, 7, 1),
(3744, 8, 1),
(3745, 9, 1),
(3746, 10, 1),
(3747, 11, 1),
(3748, 12, 1),
(3749, 13, 1),
(3750, 14, 1),
(3751, 15, 1),
(3752, 16, 1),
(3753, 17, 1),
(3754, 18, 1),
(3755, 19, 1),
(3756, 20, 1),
(3757, 21, 1),
(3761, 2, 1),
(3762, 3, 1),
(3763, 4, 1),
(3764, 5, 1),
(3765, 6, 1),
(3766, 7, 1),
(3767, 8, 1),
(3768, 9, 1),
(3769, 10, 1),
(3770, 11, 1),
(3771, 12, 1),
(3772, 13, 1),
(3773, 14, 1),
(3774, 15, 1),
(3775, 16, 1),
(3776, 17, 1),
(3777, 18, 1),
(3778, 19, 1),
(3779, 20, 1),
(3780, 21, 1),
(3782, 2, 2),
(3783, 3, 2),
(3784, 4, 2),
(3785, 5, 2),
(3786, 6, 2),
(3787, 7, 2),
(3788, 8, 2),
(3789, 9, 2),
(3790, 10, 2),
(3791, 11, 2),
(3792, 12, 2),
(3793, 13, 2),
(3794, 14, 2),
(3795, 15, 2),
(3796, 16, 2),
(3797, 17, 2),
(3798, 18, 2),
(3799, 19, 2),
(3800, 20, 2),
(3801, 21, 2),
(3803, 2, 2),
(3804, 3, 2),
(3805, 4, 2),
(3806, 5, 2),
(3807, 6, 2),
(3808, 7, 2),
(3809, 8, 2),
(3810, 9, 2),
(3811, 10, 2),
(3812, 11, 2),
(3813, 12, 2),
(3814, 13, 2),
(3815, 14, 2),
(3816, 15, 2),
(3817, 16, 2),
(3818, 17, 2),
(3819, 18, 2),
(3820, 19, 2),
(3821, 20, 2),
(3822, 21, 2),
(3823, 2, 4),
(3824, 3, 4),
(3825, 4, 4),
(3826, 5, 4),
(3827, 6, 4),
(3828, 7, 4),
(3829, 8, 4),
(3830, 9, 4),
(3831, 10, 4),
(3832, 11, 4),
(3833, 12, 4),
(3834, 13, 4),
(3835, 14, 4),
(3836, 15, 4),
(3837, 16, 4),
(3838, 17, 4),
(3839, 18, 4),
(3840, 19, 4),
(3841, 20, 4),
(3842, 21, 4),
(3843, 2, 4),
(3844, 3, 4),
(3845, 4, 4),
(3846, 5, 4),
(3847, 6, 4),
(3848, 7, 4),
(3849, 8, 4),
(3850, 9, 4),
(3851, 10, 4),
(3852, 11, 4),
(3853, 12, 4),
(3854, 13, 4),
(3855, 14, 4),
(3856, 15, 4),
(3857, 16, 4),
(3858, 17, 4),
(3859, 18, 4),
(3860, 19, 4),
(3861, 20, 4),
(3862, 21, 4),
(3863, 23, 4),
(3864, 2, 4),
(3865, 3, 4),
(3866, 4, 4),
(3867, 5, 4),
(3868, 6, 4),
(3869, 7, 4),
(3870, 8, 4),
(3871, 9, 4),
(3872, 10, 4),
(3873, 11, 4),
(3874, 12, 4),
(3875, 13, 4),
(3876, 14, 4),
(3877, 15, 4),
(3878, 16, 4),
(3879, 17, 4),
(3880, 18, 4),
(3881, 19, 4),
(3882, 20, 4),
(3883, 21, 4),
(3884, 23, 4);

-- --------------------------------------------------------

--
-- Table structure for table `notes`
--

CREATE TABLE `notes` (
  `note_id` int(11) NOT NULL,
  `user_id` int(11) DEFAULT NULL,
  `title` varchar(255) NOT NULL,
  `content` text DEFAULT NULL,
  `created_at` timestamp NULL DEFAULT current_timestamp(),
  `updated_at` timestamp NULL DEFAULT current_timestamp() ON UPDATE current_timestamp()
) ENGINE=InnoDB DEFAULT CHARSET=utf8mb4;

--
-- Dumping data for table `notes`
--

INSERT INTO `notes` (`note_id`, `user_id`, `title`, `content`, `created_at`, `updated_at`) VALUES
(1, NULL, 'Note Title', 'Note Content', '2024-05-05 00:30:38', '2024-05-05 00:30:38'),
(4, 1, 'Title 1', 'To create a Gantt chart based on your MySQL data with start_time, duration, and end_time, you can follow these general steps:\r\n\r\nRetrieve Data: Query your MySQL database to retrieve the necessary data.\r\nCalculate End Times: If end_time is not stored, calculate it based on start_time and duration.\r\nPrepare Data: Format the data in a way that is suitable for plotting.\r\nPlot Gantt Chart: Use a plotting library like Matplotlib or Plotly to create the Gantt chart.', '2024-05-05 00:58:04', '2024-05-05 00:58:04');

-- --------------------------------------------------------

--
-- Table structure for table `tasks`
--

CREATE TABLE `tasks` (
  `task_id` int(11) NOT NULL,
  `task_title` varchar(255) NOT NULL,
  `description` text DEFAULT NULL,
  `deadline_date` date DEFAULT NULL,
  `mood_perception` tinyint(4) NOT NULL,
  `task_status` enum('todo','in-progress','completed') NOT NULL,
  `board_id` int(11) DEFAULT NULL,
  `user_id` int(11) DEFAULT NULL,
  `created_at` timestamp NULL DEFAULT current_timestamp()
) ENGINE=InnoDB DEFAULT CHARSET=utf8mb4;

--
-- Dumping data for table `tasks`
--

INSERT INTO `tasks` (`task_id`, `task_title`, `description`, `deadline_date`, `mood_perception`, `task_status`, `board_id`, `user_id`, `created_at`) VALUES
(1, 'Task 1', 'Task 1 Description', '2024-05-08', 1, 'completed', 1, 1, '2024-05-01 12:41:56'),
(2, 'Task 2', 'Task 2', '2024-05-02', 2, 'completed', 1, 1, '2024-05-01 12:42:16'),
(3, 'Task 1', 'Deliverable', '2024-05-08', 2, 'in-progress', 3, 2, '2024-05-06 20:40:05');

-- --------------------------------------------------------

--
-- Table structure for table `text_messages`
--

CREATE TABLE `text_messages` (
  `message_id` int(11) NOT NULL,
  `sender_id` int(11) DEFAULT NULL,
  `receiver_id` int(11) DEFAULT NULL,
  `group_id` int(11) DEFAULT NULL,
  `message_text` text DEFAULT NULL,
  `sent_at` timestamp NOT NULL DEFAULT current_timestamp()
) ENGINE=InnoDB DEFAULT CHARSET=utf8mb4;

--
-- Dumping data for table `text_messages`
--

INSERT INTO `text_messages` (`message_id`, `sender_id`, `receiver_id`, `group_id`, `message_text`, `sent_at`) VALUES
(1, 5, 2, NULL, 'hi', '2024-05-11 19:05:21'),
(2, 5, 4, NULL, 'hlo', '2024-05-11 19:06:02'),
(3, 5, 2, NULL, 'hi2', '2024-05-11 19:39:27'),
(4, 5, 4, NULL, 'hlo', '2024-05-11 19:49:55'),
(5, 5, 1, NULL, 'admin', '2024-05-11 19:50:42'),
(6, 5, NULL, 10, 'hi', '2024-05-11 21:55:35'),
(7, 5, NULL, 11, 'hi', '2024-05-12 11:47:29'),
(8, 5, NULL, 11, 'hlo', '2024-05-12 11:47:40'),
(9, 5, 2, NULL, 'hi', '2024-05-12 11:51:51'),
(10, 5, NULL, 11, 'hlo', '2024-05-12 11:52:01'),
(11, 5, NULL, 12, 'hi', '2024-05-12 11:57:51'),
(12, 5, NULL, 12, '23345', '2024-05-12 12:01:56'),
(13, 5, NULL, 11, 'hlo', '2024-05-12 12:20:28'),
(14, 5, NULL, 12, 'hi', '2024-05-12 12:54:39'),
(15, 5, NULL, 13, 'hi', '2024-05-12 12:55:05'),
(16, 6, 5, NULL, 'hi', '2024-05-12 12:57:55'),
(17, 6, NULL, 13, 'hi', '2024-05-12 12:58:03'),
(18, 6, NULL, 14, 'hlo', '2024-05-12 12:59:24'),
(19, 6, NULL, 13, 'hlo', '2024-05-12 12:59:31'),
(20, 6, 4, NULL, 'hlo', '2024-05-12 13:04:38'),
(21, 6, 2, NULL, 'hi', '2024-05-12 13:13:27'),
(22, 6, 1, NULL, 'hlo', '2024-05-12 13:20:14'),
(23, 6, NULL, 16, 'hlo', '2024-05-12 13:30:32'),
(24, 6, NULL, 16, 'asdf', '2024-05-12 13:32:16'),
(25, 6, NULL, 15, 'hlo', '2024-05-12 13:42:36'),
(26, 6, NULL, 14, 'hi', '2024-05-12 13:42:39'),
(27, 6, NULL, 14, 'hi im fine', '2024-05-12 13:42:56'),
(28, 6, NULL, 15, 'hi im fine2', '2024-05-12 13:43:07'),
(29, 6, 4, NULL, 'hi lo', '2024-05-12 13:46:38'),
(30, 6, 1, NULL, 'abcd', '2024-05-12 14:05:37'),
(31, 6, 1, NULL, 'abbb', '2024-05-12 14:06:01'),
(32, 6, 1, NULL, '', '2024-05-12 14:08:41'),
(33, 6, 1, NULL, '', '2024-05-12 14:08:48'),
(34, 6, 1, NULL, '1', '2024-05-12 14:09:19'),
(35, 6, 1, NULL, '2', '2024-05-12 14:09:24'),
(36, 6, 2, NULL, '1234', '2024-05-12 14:09:41'),
(37, 6, 2, NULL, '4312', '2024-05-12 14:09:48'),
(38, 6, NULL, 14, '3214', '2024-05-12 14:10:07'),
(39, 6, NULL, 14, '3333', '2024-05-12 14:12:48'),
(40, 6, 2, NULL, 'im good', '2024-05-12 14:13:51'),
(41, 6, NULL, 15, '1234455667', '2024-05-12 14:20:00'),
(42, 6, 2, NULL, 'aaa', '2024-05-12 14:44:01'),
(43, 6, 1, NULL, '123456', '2024-05-12 14:47:39'),
(44, 1, 6, NULL, 'yes how can i help you', '2024-05-12 15:04:00'),
(45, 1, NULL, 15, 'yes', '2024-05-12 15:06:27'),
(46, 6, NULL, 15, 'hi', '2024-05-12 15:08:17'),
(47, 1, NULL, 13, 'hlo', '2024-05-12 18:15:41'),
(48, 1, NULL, 17, 'hlo', '2024-05-12 18:16:14');

-- --------------------------------------------------------

--
-- Table structure for table `timer`
--

CREATE TABLE `timer` (
  `id` int(11) NOT NULL,
  `user_id` int(11) DEFAULT NULL,
  `start_time` datetime NOT NULL,
  `end_time` datetime DEFAULT NULL,
  `duration_minutes` int(11) DEFAULT NULL
) ENGINE=InnoDB DEFAULT CHARSET=utf8mb4;

--
-- Dumping data for table `timer`
--

INSERT INTO `timer` (`id`, `user_id`, `start_time`, `end_time`, `duration_minutes`) VALUES
(1, 2, '2024-05-04 21:56:07', '2024-05-04 22:46:18', 5),
(2, 2, '2024-05-04 22:47:55', '2024-05-04 22:52:55', 5),
(3, 2, '2024-05-04 22:53:26', '2024-05-04 22:53:40', 5),
(4, 2, '2024-05-04 22:53:44', '2024-05-04 22:54:16', 5),
(5, 2, '2024-05-04 22:55:39', '2024-05-04 22:56:02', 5),
(6, 2, '2024-05-04 22:56:09', '2024-05-04 22:58:12', 5),
(7, 2, '2024-05-04 22:58:15', '2024-05-04 22:59:02', 5),
(8, 2, '2024-05-04 22:59:04', '2024-05-04 22:59:20', 5),
(9, 2, '2024-05-04 23:01:48', '2024-05-04 23:04:08', 5),
(10, 2, '2024-05-04 23:04:09', '2024-05-04 23:04:13', 5),
(11, 2, '2024-05-04 23:04:15', '2024-05-04 23:04:16', 5),
(12, 2, '2024-05-04 23:05:53', '2024-05-04 23:07:33', 5),
(13, 2, '2024-05-04 23:07:37', '2024-05-04 23:07:48', 5),
(14, 2, '2024-05-04 23:07:49', '2024-05-04 23:07:50', 5),
(15, 2, '2024-05-04 23:07:50', '2024-05-04 23:07:52', 5),
(16, 2, '2024-05-04 23:07:54', '2024-05-04 23:08:28', 21),
(17, 2, '2024-05-04 23:08:49', '2024-05-04 23:11:44', 5),
(18, 2, '2024-05-04 23:11:46', '2024-05-04 23:12:58', 5),
(19, 2, '2024-05-04 23:13:01', '2024-05-04 23:15:50', 5),
(20, 2, '2024-05-04 23:17:28', '2024-05-04 23:17:29', 5),
(21, 2, '2024-05-04 23:18:04', '2024-05-04 23:19:01', 5),
(22, 2, '2024-05-04 23:19:05', '2024-05-04 23:25:11', 5),
(23, 2, '2024-05-04 23:25:58', '2024-05-04 23:26:19', 5),
(24, 2, '2024-05-04 23:26:20', '2024-05-04 23:26:29', 5),
(25, 2, '2024-05-04 23:26:30', '2024-05-04 23:27:12', 5),
(26, 2, '2024-05-04 23:27:12', '2024-05-04 23:27:31', 5),
(27, 2, '2024-05-04 23:27:32', '2024-05-04 23:27:53', 5),
(28, 2, '2024-05-04 23:27:54', '2024-05-04 23:28:25', 5),
(29, 2, '2024-05-04 23:28:26', '2024-05-04 23:28:57', 5),
(30, 2, '2024-05-04 23:28:58', '2024-05-04 23:29:11', 5),
(31, 2, '2024-05-04 23:29:15', '2024-05-04 23:29:25', 5),
(32, 2, '2024-05-04 23:29:49', '2024-05-04 23:30:03', 5),
(33, 2, '2024-05-04 23:30:04', '2024-05-04 23:30:21', 5),
(34, 2, '2024-05-04 23:30:24', '2024-05-04 23:30:43', 5),
(35, 2, '2024-05-04 23:30:46', '2024-05-04 23:30:57', 5),
(36, 2, '2024-05-04 23:31:01', '2024-05-04 23:31:04', 5),
(37, 2, '2024-05-04 23:31:07', '2024-05-04 23:31:50', 25),
(38, 2, '2024-05-04 23:31:52', '2024-05-04 23:32:17', 5),
(39, 2, '2024-05-04 23:32:38', '2024-05-04 23:34:28', 5),
(40, 2, '2024-05-04 23:34:34', '2024-05-04 23:34:36', 5),
(41, 2, '2024-05-04 23:34:40', '2024-05-04 23:35:03', 50),
(42, 2, '2024-05-04 23:35:40', '2024-05-04 23:35:43', 5),
(43, 2, '2024-05-04 23:35:44', '2024-05-04 23:35:48', 5),
(44, 2, '2024-05-04 23:35:49', '2024-05-04 23:35:52', 5),
(45, 2, '2024-05-04 23:35:52', '2024-05-04 23:36:23', 5),
(46, 2, '2024-05-04 23:36:30', '2024-05-04 23:38:47', 50),
(47, 2, '2024-05-04 23:38:48', '2024-05-04 23:39:00', 5),
(48, 2, '2024-05-04 23:39:05', '2024-05-04 23:39:25', 5),
(49, 2, '2024-05-04 23:39:26', '2024-05-04 23:39:38', 5),
(50, 2, '2024-05-04 23:39:39', '2024-05-04 23:39:44', 5),
(51, 2, '2024-05-04 23:39:46', '2024-05-04 23:39:51', 50),
(52, 2, '2024-05-04 23:40:47', '2024-05-04 23:42:33', 5),
(53, 2, '2024-05-04 23:43:09', '2024-05-04 23:43:11', 5),
(54, 2, '2024-05-04 23:43:15', '2024-05-04 23:43:19', 5),
(55, 2, '2024-05-04 23:43:52', '2024-05-04 23:43:55', 5),
(56, 2, '2024-05-04 23:44:05', '2024-05-04 23:45:05', 1),
(57, 2, '2024-05-04 23:45:26', '2024-05-04 23:45:46', 1),
(58, 2, '2024-05-04 23:45:51', '2024-05-04 23:46:20', 2),
(59, 2, '2024-05-04 23:46:24', '2024-05-04 23:46:25', 5),
(60, 2, '2024-05-04 23:46:27', '2024-05-04 23:46:37', 1),
(61, 2, '2024-05-04 23:53:56', '2024-05-04 23:54:07', 5),
(62, 1, '2024-05-05 00:22:47', '2024-05-05 00:28:05', 5),
(63, 2, '2024-05-06 20:40:32', '2024-05-06 20:40:40', 16),
(64, 2, '2024-05-06 20:41:03', '2024-05-06 20:42:03', 1),
(65, 1, '2024-05-06 22:40:06', '1970-01-01 01:00:00', 5),
(66, 1, '2024-05-06 22:41:17', '2024-05-06 22:41:23', 5),
(67, 1, '2024-05-06 22:42:30', '1970-01-01 01:00:00', 5),
(68, 1, '2024-05-06 22:49:28', '2024-05-06 22:53:22', 3),
(69, 1, '2024-05-06 22:54:07', '2024-05-06 22:55:07', 1),
(70, 2, '2024-05-06 23:12:56', '2024-05-06 23:14:17', 1),
(71, 2, '2024-05-06 23:14:41', '2024-05-06 23:19:41', 5),
(72, 1, '2024-05-06 23:14:56', '2024-05-06 23:19:56', 5);

-- --------------------------------------------------------

--
-- Table structure for table `users`
--

CREATE TABLE `users` (
  `user_id` int(11) NOT NULL,
  `name` varchar(100) NOT NULL,
  `email` varchar(100) NOT NULL,
  `password` varchar(100) NOT NULL,
  `role` varchar(5) NOT NULL DEFAULT 'user',
  `created_at` timestamp NULL DEFAULT current_timestamp()
) ENGINE=InnoDB DEFAULT CHARSET=utf8mb4;

--
-- Dumping data for table `users`
--

INSERT INTO `users` (`user_id`, `name`, `email`, `password`, `role`, `created_at`) VALUES
(1, 'Admin', 'admin@gmail.com', '$2y$10$P68awzImBNjacru56/Tg2.eJ.YIDd7A8SbD3vZkiYSJBPzNqQSumK', 'admin', '2024-05-01 12:41:09'),
(2, 'User 1', 'abc@xyz.com', '$2y$10$BFQFm74FeXUPqfoZnMl.zuXKix50W.icwGBf3xNfy0tCOPjLeWgui', 'user', '2024-05-04 13:41:19'),
(4, 'Syed Umer Mujahid Hassni', 'abc@gmail.com', '$2y$10$IenP8W9Xa0kyTK8Afnvf7e/c2BZubYzIDEeDGVHs5Xl7TRERwFuXu', 'user', '2024-05-10 14:25:52'),
(5, 'umair', 'umair@gmail.com', '$2y$10$hK4Okj3zEGT37gEuEBB0..8ZapY1CXQ3t5WGtOEfvacr0D0VVJctK', 'user', '2024-05-11 17:55:16'),
(6, 'Rafay', 'rafay@gmail.com', '$2y$10$gXsHr7bLmC3CRKxgF/2nNeQbXVO/KoG7TWUgDeLFLWHZKxoQF6SoK', 'user', '2024-05-12 12:57:41');

--
-- Indexes for dumped tables
--

--
-- Indexes for table `attendees`
--
ALTER TABLE `attendees`
  ADD PRIMARY KEY (`attendee_id`),
  ADD KEY `event_id` (`event_id`),
  ADD KEY `user_id` (`user_id`);

--
-- Indexes for table `boards`
--
ALTER TABLE `boards`
  ADD PRIMARY KEY (`board_id`),
  ADD KEY `user_id` (`user_id`);

--
-- Indexes for table `events`
--
ALTER TABLE `events`
  ADD PRIMARY KEY (`event_id`);

--
-- Indexes for table `groups`
--
ALTER TABLE `groups`
  ADD PRIMARY KEY (`group_id`),
  ADD KEY `created_by` (`created_by`);

--
-- Indexes for table `group_members`
--
ALTER TABLE `group_members`
  ADD PRIMARY KEY (`group_id`,`user_id`),
  ADD KEY `user_id` (`user_id`);

--
-- Indexes for table `messages`
--
ALTER TABLE `messages`
  ADD PRIMARY KEY (`message_id`),
  ADD KEY `user_id` (`user_id`);

--
-- Indexes for table `message_read`
--
ALTER TABLE `message_read`
  ADD PRIMARY KEY (`status_id`),
  ADD KEY `message_id` (`message_id`),
  ADD KEY `user_id` (`user_id`);

--
-- Indexes for table `notes`
--
ALTER TABLE `notes`
  ADD PRIMARY KEY (`note_id`),
  ADD KEY `user_id` (`user_id`);

--
-- Indexes for table `tasks`
--
ALTER TABLE `tasks`
  ADD PRIMARY KEY (`task_id`),
  ADD KEY `board_id` (`board_id`),
  ADD KEY `user_id` (`user_id`);

--
-- Indexes for table `text_messages`
--
ALTER TABLE `text_messages`
  ADD PRIMARY KEY (`message_id`),
  ADD KEY `sender_id` (`sender_id`),
  ADD KEY `receiver_id` (`receiver_id`),
  ADD KEY `group_id` (`group_id`);

--
-- Indexes for table `timer`
--
ALTER TABLE `timer`
  ADD PRIMARY KEY (`id`),
  ADD UNIQUE KEY `user_id` (`user_id`,`start_time`);

--
-- Indexes for table `users`
--
ALTER TABLE `users`
  ADD PRIMARY KEY (`user_id`);

--
-- AUTO_INCREMENT for dumped tables
--

--
-- AUTO_INCREMENT for table `attendees`
--
ALTER TABLE `attendees`
  MODIFY `attendee_id` int(11) NOT NULL AUTO_INCREMENT, AUTO_INCREMENT=9;

--
-- AUTO_INCREMENT for table `boards`
--
ALTER TABLE `boards`
  MODIFY `board_id` int(11) NOT NULL AUTO_INCREMENT, AUTO_INCREMENT=4;

--
-- AUTO_INCREMENT for table `events`
--
ALTER TABLE `events`
  MODIFY `event_id` int(11) NOT NULL AUTO_INCREMENT, AUTO_INCREMENT=3;

--
-- AUTO_INCREMENT for table `groups`
--
ALTER TABLE `groups`
  MODIFY `group_id` int(11) NOT NULL AUTO_INCREMENT, AUTO_INCREMENT=18;

--
-- AUTO_INCREMENT for table `messages`
--
ALTER TABLE `messages`
  MODIFY `message_id` int(11) NOT NULL AUTO_INCREMENT, AUTO_INCREMENT=24;

--
-- AUTO_INCREMENT for table `message_read`
--
ALTER TABLE `message_read`
  MODIFY `status_id` int(11) NOT NULL AUTO_INCREMENT, AUTO_INCREMENT=3885;

--
-- AUTO_INCREMENT for table `notes`
--
ALTER TABLE `notes`
  MODIFY `note_id` int(11) NOT NULL AUTO_INCREMENT, AUTO_INCREMENT=5;

--
-- AUTO_INCREMENT for table `tasks`
--
ALTER TABLE `tasks`
  MODIFY `task_id` int(11) NOT NULL AUTO_INCREMENT, AUTO_INCREMENT=4;

--
-- AUTO_INCREMENT for table `text_messages`
--
ALTER TABLE `text_messages`
  MODIFY `message_id` int(11) NOT NULL AUTO_INCREMENT, AUTO_INCREMENT=49;

--
-- AUTO_INCREMENT for table `timer`
--
ALTER TABLE `timer`
  MODIFY `id` int(11) NOT NULL AUTO_INCREMENT, AUTO_INCREMENT=73;

--
-- AUTO_INCREMENT for table `users`
--
ALTER TABLE `users`
  MODIFY `user_id` int(11) NOT NULL AUTO_INCREMENT, AUTO_INCREMENT=7;

--
-- Constraints for dumped tables
--

--
-- Constraints for table `attendees`
--
ALTER TABLE `attendees`
  ADD CONSTRAINT `attendees_ibfk_1` FOREIGN KEY (`event_id`) REFERENCES `events` (`event_id`) ON DELETE CASCADE,
  ADD CONSTRAINT `attendees_ibfk_2` FOREIGN KEY (`user_id`) REFERENCES `users` (`user_id`) ON DELETE CASCADE;

--
-- Constraints for table `boards`
--
ALTER TABLE `boards`
  ADD CONSTRAINT `boards_ibfk_1` FOREIGN KEY (`user_id`) REFERENCES `users` (`user_id`);

--
-- Constraints for table `groups`
--
ALTER TABLE `groups`
  ADD CONSTRAINT `groups_ibfk_1` FOREIGN KEY (`created_by`) REFERENCES `users` (`user_id`);

--
-- Constraints for table `group_members`
--
ALTER TABLE `group_members`
  ADD CONSTRAINT `group_members_ibfk_1` FOREIGN KEY (`group_id`) REFERENCES `groups` (`group_id`),
  ADD CONSTRAINT `group_members_ibfk_2` FOREIGN KEY (`user_id`) REFERENCES `users` (`user_id`);

--
-- Constraints for table `messages`
--
ALTER TABLE `messages`
  ADD CONSTRAINT `messages_ibfk_1` FOREIGN KEY (`user_id`) REFERENCES `users` (`user_id`) ON DELETE CASCADE;

--
-- Constraints for table `message_read`
--
ALTER TABLE `message_read`
  ADD CONSTRAINT `message_read_ibfk_1` FOREIGN KEY (`message_id`) REFERENCES `messages` (`message_id`) ON DELETE CASCADE,
  ADD CONSTRAINT `message_read_ibfk_2` FOREIGN KEY (`user_id`) REFERENCES `users` (`user_id`) ON DELETE CASCADE;

--
-- Constraints for table `notes`
--
ALTER TABLE `notes`
  ADD CONSTRAINT `notes_ibfk_1` FOREIGN KEY (`user_id`) REFERENCES `users` (`user_id`) ON DELETE CASCADE;

--
-- Constraints for table `tasks`
--
ALTER TABLE `tasks`
  ADD CONSTRAINT `tasks_ibfk_1` FOREIGN KEY (`board_id`) REFERENCES `boards` (`board_id`) ON DELETE CASCADE,
  ADD CONSTRAINT `tasks_ibfk_2` FOREIGN KEY (`user_id`) REFERENCES `users` (`user_id`);

--
-- Constraints for table `text_messages`
--
ALTER TABLE `text_messages`
  ADD CONSTRAINT `text_messages_ibfk_1` FOREIGN KEY (`sender_id`) REFERENCES `users` (`user_id`),
  ADD CONSTRAINT `text_messages_ibfk_2` FOREIGN KEY (`receiver_id`) REFERENCES `users` (`user_id`),
  ADD CONSTRAINT `text_messages_ibfk_3` FOREIGN KEY (`group_id`) REFERENCES `groups` (`group_id`);

--
-- Constraints for table `timer`
--
ALTER TABLE `timer`
  ADD CONSTRAINT `timer_ibfk_1` FOREIGN KEY (`user_id`) REFERENCES `users` (`user_id`) ON DELETE CASCADE;
COMMIT;

/*!40101 SET CHARACTER_SET_CLIENT=@OLD_CHARACTER_SET_CLIENT */;
/*!40101 SET CHARACTER_SET_RESULTS=@OLD_CHARACTER_SET_RESULTS */;
/*!40101 SET COLLATION_CONNECTION=@OLD_COLLATION_CONNECTION */;
